F,V,N_F,N_V,v,n,T,X,Y,other,cityname
131,280,517,703,3.946564885496183,2.5107142857142857,190,58.0,22.0,10.0,Százhalombatta
133,330,545,755,4.097744360902255,2.287878787878788,239,20.0,57.0,14.0,Diósd
104,196,409,556,3.9326923076923075,2.836734693877551,102,77.0,15.0,2.0,Tárnok
1022,1684,4115,4641,4.026418786692759,2.755938242280285,904,519.0,182.0,79.0,Érd
24,81,87,172,3.625,2.123456790123457,67,3.0,11.0,,Sóskút
166,404,677,951,4.078313253012048,2.353960396039604,284,38.0,63.0,19.0,Biatorbágy
171,404,689,975,4.029239766081871,2.4133663366336635,276,50.0,63.0,15.0,Törökbálint
239,606,1013,1441,4.2384937238493725,2.377887788778878,367,50.0,166.0,23.0,Budaörs
121,297,481,694,3.975206611570248,2.3367003367003365,207,25.0,52.0,13.0,Budakeszi
25,74,95,184,3.8,2.4864864864864864,54,16.0,2.0,2.0,Herceghalom
98,234,399,554,4.071428571428571,2.3675213675213675,158,25.0,43.0,8.0,Páty
64,132,256,360,4.0,2.727272727272727,58,27.0,37.0,10.0,Telki
57,134,229,310,4.017543859649122,2.3134328358208953,98,15.0,18.0,3.0,Bugyi
67,140,269,326,4.014925373134329,2.3285714285714287,92,14.0,31.0,3.0,Alsónémedi
112,231,438,581,3.9107142857142856,2.515151515151515,143,46.0,37.0,5.0,Ócsa
91,231,366,528,4.021978021978022,2.2857142857142856,159,16.0,45.0,11.0,Mogyoród
189,433,774,1044,4.095238095238095,2.4110854503464205,287,60.0,73.0,13.0,Fót
368,743,1482,1836,4.0271739130434785,2.471063257065949,477,125.0,112.0,29.0,Dunakeszi
316,597,1249,1527,3.9525316455696204,2.557788944723618,388,139.0,53.0,17.0,Göd
41,108,170,253,4.146341463414634,2.3425925925925926,71,8.0,25.0,4.0,Zsámbék
22,62,80,138,3.6363636363636362,2.225806451612903,42,2.0,15.0,3.0,Perbál
76,212,291,498,3.8289473684210527,2.349056603773585,153,19.0,32.0,8.0,Piliscsaba
48,107,190,269,3.9583333333333335,2.514018691588785,65,19.0,18.0,5.0,Pilisszántó
54,174,200,419,3.7037037037037037,2.4080459770114944,106,20.0,40.0,8.0,Üröm
156,395,681,928,4.365384615384615,2.349367088607595,274,42.0,68.0,11.0,Pilisvörösvár
33,90,129,209,3.909090909090909,2.3222222222222224,60,6.0,20.0,4.0,Pilisszentiván
73,226,318,510,4.3561643835616435,2.256637168141593,160,11.0,44.0,11.0,Solymár
98,245,409,574,4.173469387755102,2.342857142857143,161,23.0,55.0,6.0,Nagykovácsi
103,321,426,732,4.135922330097087,2.2803738317757007,241,26.0,47.0,7.0,Budakalász
196,478,828,1181,4.224489795918367,2.4707112970711296,292,65.0,103.0,18.0,Pomáz
316,959,1421,2215,4.496835443037975,2.3096976016684048,621,56.0,247.0,35.0,Szentendre
83,238,365,563,4.397590361445783,2.365546218487395,146,18.0,66.0,8.0,Tahitótfalu
34,168,134,397,3.9411764705882355,2.363095238095238,100,8.0,50.0,10.0,Leányfalu
16,86,66,201,4.125,2.3372093023255816,46,4.0,34.0,2.0,Dunabogdány
8,35,30,79,3.75,2.257142857142857,20,1.0,13.0,1.0,Pilisszentkereszt
25,94,106,228,4.24,2.425531914893617,48,5.0,36.0,5.0,Csobánka
285,863,1240,1991,4.350877192982456,2.3070683661645424,617,73.0,146.0,27.0,Szigetszentmiklós
135,260,541,637,4.007407407407407,2.45,199,56.0,2.0,3.0,Halásztelek
83,194,333,441,4.0120481927710845,2.2731958762886597,144,18.0,29.0,3.0,Tököl
198,402,788,967,3.9797979797979797,2.4054726368159205,310,67.0,11.0,14.0,Szigethalom
16,47,62,110,3.875,2.3404255319148937,33,4.0,8.0,2.0,Szigetcsép
15,42,59,87,3.933333333333333,2.0714285714285716,37,1.0,4.0,,Szigetújfalu
28,85,104,184,3.7142857142857144,2.164705882352941,64,4.0,17.0,,Szigetszentmárton
116,362,468,833,4.0344827586206895,2.3011049723756907,258,28.0,63.0,13.0,Ráckeve
239,444,948,1152,3.9665271966527196,2.5945945945945947,291,118.0,29.0,6.0,Dunaharaszti
70,162,283,371,4.042857142857143,2.2901234567901234,125,16.0,17.0,4.0,Taksony
115,236,442,550,3.8434782608695652,2.330508474576271,173,35.0,27.0,1.0,Dunavarsány
62,166,237,371,3.8225806451612905,2.2349397590361444,120,5.0,32.0,9.0,Délegyháza
125,279,478,639,3.824,2.2903225806451615,226,34.0,13.0,6.0,Kiskunlacháza
79,196,341,452,4.3164556962025316,2.306122448979592,131,13.0,48.0,4.0,Dömsöd
17,53,65,114,3.823529411764706,2.150943396226415,47,4.0,2.0,,Sellye
26,60,101,141,3.8846153846153846,2.35,43,7.0,9.0,1.0,Sásd
26,68,98,168,3.769230769230769,2.4705882352941178,44,8.0,11.0,5.0,Szászvár
15,37,58,84,3.8666666666666667,2.27027027027027,22,3.0,9.0,3.0,Pellérd
72,176,304,410,4.222222222222222,2.3295454545454546,118,15.0,37.0,6.0,Siklós
43,101,179,238,4.162790697674419,2.3564356435643563,75,14.0,11.0,1.0,Bóly
75,266,337,599,4.493333333333333,2.2518796992481205,180,11.0,67.0,8.0,Komló
74,188,323,439,4.364864864864865,2.3351063829787235,138,16.0,26.0,8.0,Szigetvár
59,125,222,315,3.76271186440678,2.52,82,24.0,14.0,5.0,Kozármisleny
62,149,240,355,3.870967741935484,2.38255033557047,101,22.0,23.0,3.0,Harkány
19,73,77,168,4.052631578947368,2.3013698630136985,47,3.0,18.0,5.0,Hosszúhetény
13,39,47,83,3.6153846153846154,2.128205128205128,32,1.0,6.0,,Mágocs
8,42,37,88,4.625,2.0952380952380953,37,2.0,3.0,,Beremend
14,52,50,120,3.5714285714285716,2.3076923076923075,32,5.0,15.0,,Hidas
11,35,44,85,4.0,2.4285714285714284,24,6.0,4.0,1.0,Lánycsók
41,95,165,212,4.024390243902439,2.231578947368421,60,4.0,30.0,1.0,Pécsvárad
155,368,641,877,4.135483870967742,2.3831521739130435,268,53.0,39.0,8.0,Mohács
956,2506,4272,6039,4.468619246861925,2.4098164405426976,1561,278.0,564.0,103.0,Pécs
30,76,126,179,4.2,2.3552631578947367,42,8.0,26.0,,Villány
36,71,143,168,3.9722222222222223,2.3661971830985915,56,12.0,3.0,,Üllés
24,75,97,169,4.041666666666667,2.2533333333333334,60,7.0,8.0,,Balástya
18,36,67,86,3.7222222222222223,2.388888888888889,28,7.0,1.0,,Zákányszék
17,38,64,87,3.764705882352941,2.289473684210526,32,5.0,1.0,,Forráskút
338,624,1382,1604,4.088757396449704,2.5705128205128207,388,137.0,73.0,26.0,Makó
1,19,4,50,4.0,2.6315789473684212,8,2.0,9.0,,Ásotthalom
59,132,235,339,3.983050847457627,2.5681818181818183,89,31.0,10.0,2.0,Szegvár
30,62,120,145,4.0,2.338709677419355,46,10.0,6.0,,Nagymágocs
25,55,100,139,4.0,2.5272727272727273,39,12.0,3.0,1.0,Székkutas
98,172,392,437,4.0,2.5406976744186047,116,33.0,17.0,6.0,Kistelek
47,104,188,244,4.0,2.3461538461538463,77,13.0,13.0,1.0,Deszk
35,71,139,181,3.9714285714285715,2.5492957746478875,49,16.0,3.0,3.0,Szatymaz
89,174,364,436,4.089887640449438,2.5057471264367814,117,34.0,15.0,8.0,Mórahalom
30,86,118,199,3.933333333333333,2.313953488372093,66,9.0,8.0,3.0,Röszke
264,571,1115,1433,4.223484848484849,2.509632224168126,353,110.0,94.0,14.0,Szentes
27,48,107,129,3.962962962962963,2.6875,24,11.0,9.0,4.0,Maroslele
23,51,86,132,3.739130434782609,2.588235294117647,36,13.0,,2.0,Baks
192,381,767,931,3.9947916666666665,2.4435695538057742,254,56.0,56.0,15.0,Csongrád
41,76,160,192,3.902439024390244,2.526315789473684,51,16.0,7.0,2.0,Csanádpalota
69,141,274,331,3.971014492753623,2.347517730496454,108,19.0,11.0,3.0,Domaszék
52,105,211,248,4.0576923076923075,2.361904761904762,73,12.0,16.0,4.0,Kiszombor
22,46,87,112,3.9545454545454546,2.4347826086956523,36,10.0,,,Fábiánsebestyén
56,96,224,278,4.0,2.8958333333333335,42,33.0,18.0,3.0,Sándorfalva
111,198,444,522,4.0,2.6363636363636362,118,55.0,22.0,3.0,Mindszent
30,60,115,149,3.8333333333333335,2.4833333333333334,45,14.0,1.0,,Zsombó
1250,2445,5190,6282,4.152,2.569325153374233,1586,532.0,248.0,79.0,Szeged
15,43,57,105,3.8,2.441860465116279,34,7.0,,2.0,Bordány
38,77,147,200,3.8684210526315788,2.5974025974025974,51,15.0,4.0,7.0,Apátfalva
21,45,80,109,3.8095238095238093,2.422222222222222,35,8.0,1.0,1.0,Ópusztaszer
30,66,111,156,3.7,2.3636363636363638,49,8.0,4.0,5.0,Földeák
18,41,70,99,3.888888888888889,2.4146341463414633,28,6.0,1.0,6.0,Ruzsa
25,69,97,154,3.88,2.2318840579710146,54,4.0,10.0,1.0,Csanytelek
9,36,36,79,4.0,2.1944444444444446,28,3.0,3.0,2.0,Dombegyház
111,168,442,504,3.981981981981982,3.0,83,81.0,3.0,1.0,Csorvás
97,228,394,544,4.061855670103093,2.3859649122807016,162,34.0,26.0,6.0,Dévaványa
319,660,1275,1590,3.9968652037617556,2.409090909090909,480,98.0,56.0,26.0,Orosháza
229,489,972,1179,4.244541484716157,2.411042944785276,330,52.0,81.0,26.0,Békés
17,46,66,106,3.8823529411764706,2.3043478260869565,38,6.0,1.0,1.0,Szabadkígyós
77,169,308,394,4.0,2.331360946745562,129,18.0,18.0,4.0,Füzesgyarmat
32,69,121,163,3.78125,2.36231884057971,51,8.0,8.0,2.0,Köröstarcsa
43,73,164,201,3.813953488372093,2.7534246575342465,41,22.0,5.0,5.0,Kétegyháza
48,104,192,251,4.0,2.4134615384615383,81,20.0,2.0,1.0,Gádoros
67,164,268,384,4.0,2.341463414634146,120,17.0,21.0,6.0,Szeghalom
125,259,504,631,4.032,2.436293436293436,184,46.0,26.0,3.0,Sarkad
357,738,1494,1823,4.184873949579832,2.470189701897019,482,118.0,108.0,30.0,Gyula
14,25,53,63,3.7857142857142856,2.52,16,5.0,4.0,,Kevermes
81,165,325,416,4.012345679012346,2.521212121212121,109,30.0,17.0,9.0,Békésszentandrás
51,109,202,266,3.9607843137254903,2.4403669724770642,78,17.0,11.0,3.0,Körösladány
25,68,102,150,4.08,2.2058823529411766,54,2.0,11.0,1.0,Méhkerék
34,68,131,154,3.8529411764705883,2.264705882352941,59,9.0,,,Csanádapáca
515,1071,2151,2605,4.176699029126214,2.4323062558356674,763,175.0,106.0,27.0,Békéscsaba
100,149,388,441,3.88,2.959731543624161,72,70.0,7.0,,Kondoros
82,140,322,417,3.926829268292683,2.9785714285714286,69,65.0,4.0,2.0,Battonya
52,100,198,248,3.8076923076923075,2.48,74,21.0,4.0,1.0,Elek
64,120,250,288,3.90625,2.4,95,23.0,2.0,,Nagyszénás
198,322,781,889,3.9444444444444446,2.760869565217391,178,112.0,22.0,10.0,Szarvas
19,40,72,98,3.789473684210526,2.45,31,9.0,,,Magyarbánhegyes
30,60,117,161,3.9,2.683333333333333,37,19.0,4.0,,Békéssámson
110,200,432,508,3.9272727272727272,2.54,134,47.0,17.0,2.0,Tótkomlós
21,55,79,122,3.761904761904762,2.2181818181818183,49,6.0,,,Bucsa
22,41,86,118,3.909090909090909,2.8780487804878048,22,17.0,2.0,,Kaszaper
39,86,152,210,3.8974358974358974,2.441860465116279,58,14.0,11.0,3.0,Okány
23,45,88,125,3.8260869565217392,2.7777777777777777,27,16.0,1.0,1.0,Kunágota
33,68,128,171,3.878787878787879,2.514705882352941,47,13.0,6.0,2.0,Medgyesegyháza
2,14,6,39,3.0,2.7857142857142856,3,,9.0,2.0,Újkígyós
68,159,267,377,3.926470588235294,2.3710691823899372,119,23.0,14.0,3.0,Doboz
28,61,106,151,3.7857142857142856,2.4754098360655736,37,10.0,12.0,2.0,Szárliget
14,44,54,109,3.857142857142857,2.477272727272727,22,4.0,15.0,3.0,Piliscsév
31,88,117,195,3.774193548387097,2.215909090909091,73,7.0,6.0,2.0,Környe
24,50,92,120,3.8333333333333335,2.4,28,4.0,16.0,2.0,Kocs
33,86,125,202,3.787878787878788,2.3488372093023258,58,7.0,18.0,3.0,Tokod
85,188,350,451,4.117647058823529,2.398936170212766,122,20.0,37.0,9.0,Oroszlány
27,75,111,179,4.111111111111111,2.3866666666666667,47,8.0,20.0,,Sárisáp
5,13,17,26,3.4,2.0,13,,,,Baj
350,849,1522,2023,4.348571428571429,2.3828032979976443,562,90.0,160.0,37.0,Tatabánya
35,86,138,198,3.942857142857143,2.302325581395349,63,9.0,12.0,2.0,Kisbér
23,91,90,201,3.9130434782608696,2.208791208791209,57,2.0,31.0,1.0,Lábatlan
228,446,908,1104,3.982456140350877,2.475336322869955,309,82.0,37.0,18.0,Komárom
261,691,1142,1672,4.375478927203065,2.4196816208393632,420,63.0,169.0,39.0,Esztergom
9,32,32,72,3.5555555555555554,2.25,20,1.0,10.0,1.0,Szomód
188,479,778,1132,4.138297872340425,2.363256784968685,328,57.0,87.0,7.0,Tata
31,74,116,161,3.7419354838709675,2.175675675675676,56,3.0,15.0,,Nagyigmánd
38,82,146,184,3.8421052631578947,2.2439024390243905,69,9.0,3.0,1.0,Tokodaltáró
74,155,299,353,4.04054054054054,2.2774193548387096,114,14.0,23.0,4.0,Ács
48,101,184,238,3.8333333333333335,2.3564356435643563,76,15.0,7.0,3.0,Bábolna
67,166,269,395,4.014925373134329,2.3795180722891565,112,24.0,27.0,3.0,Nyergesújfalu
19,41,72,97,3.789473684210526,2.3658536585365852,25,6.0,10.0,,Bokod
35,105,132,249,3.7714285714285714,2.3714285714285714,57,6.0,34.0,8.0,Csolnok
29,81,120,188,4.137931034482759,2.3209876543209877,51,2.0,24.0,4.0,Kesztölc
21,52,78,129,3.7142857142857144,2.480769230769231,34,8.0,9.0,1.0,Tarján
100,233,407,539,4.07,2.313304721030043,161,22.0,43.0,7.0,Dorog
16,45,57,98,3.5625,2.1777777777777776,37,3.0,5.0,,Naszály
22,52,86,132,3.909090909090909,2.5384615384615383,33,8.0,8.0,3.0,Mocsa
62,133,244,315,3.935483870967742,2.3684210526315788,101,20.0,10.0,2.0,Tát
12,34,40,73,3.3333333333333335,2.1470588235294117,25,1.0,7.0,1.0,Szentgál
350,841,1510,2069,4.314285714285714,2.460166468489893,534,125.0,139.0,43.0,Veszprém
22,65,90,159,4.090909090909091,2.4461538461538463,42,8.0,12.0,3.0,Öskü
77,170,307,395,3.987012987012987,2.323529411764706,106,16.0,44.0,4.0,Sümeg
252,570,1094,1402,4.341269841269841,2.4596491228070176,371,93.0,83.0,23.0,Pápa
66,156,263,366,3.984848484848485,2.3461538461538463,118,20.0,17.0,1.0,Zirc
148,418,603,964,4.074324324324325,2.3062200956937797,286,29.0,88.0,15.0,Ajka
49,111,190,259,3.877551020408163,2.3333333333333335,81,10.0,17.0,3.0,Berhida
14,49,51,106,3.642857142857143,2.163265306122449,36,2.0,11.0,,Hajmáskér
42,163,186,374,4.428571428571429,2.294478527607362,99,8.0,53.0,3.0,Badacsonytomaj
208,627,937,1506,4.5048076923076925,2.401913875598086,386,45.0,157.0,39.0,Balatonalmádi
28,61,108,165,3.857142857142857,2.7049180327868854,31,13.0,12.0,5.0,Úrkút
21,56,81,135,3.857142857142857,2.4107142857142856,37,6.0,11.0,2.0,Herend
52,116,204,278,3.923076923076923,2.396551724137931,85,17.0,12.0,2.0,Devecser
33,92,137,206,4.151515151515151,2.239130434782609,63,3.0,24.0,2.0,Szentkirályszabadja
25,69,99,161,3.96,2.3333333333333335,39,3.0,25.0,2.0,Csabrendek
112,308,465,712,4.151785714285714,2.311688311688312,225,24.0,49.0,10.0,Balatonkenese
143,329,572,765,4.0,2.325227963525836,224,35.0,63.0,7.0,Várpalota
161,406,692,942,4.298136645962733,2.3201970443349755,284,32.0,71.0,19.0,Balatonfüred
25,56,99,125,3.96,2.232142857142857,41,5.0,9.0,1.0,Litér
28,63,112,139,4.0,2.2063492063492065,51,4.0,7.0,1.0,Nemesvámos
140,297,561,734,4.007142857142857,2.4713804713804715,189,39.0,52.0,17.0,Tapolca
31,72,123,164,3.967741935483871,2.2777777777777777,52,4.0,14.0,2.0,Hercegszántó
39,94,155,230,3.9743589743589745,2.4468085106382977,61,13.0,17.0,3.0,Hajós
44,83,166,199,3.772727272727273,2.397590361445783,66,15.0,1.0,1.0,Helvécia
83,151,332,389,4.0,2.576158940397351,98,34.0,14.0,5.0,Bácsalmás
9,36,36,87,4.0,2.4166666666666665,24,4.0,5.0,3.0,Kelebia
26,63,107,152,4.115384615384615,2.4126984126984126,41,8.0,12.0,2.0,Vaskút
31,70,121,175,3.903225806451613,2.5,49,16.0,5.0,,Jászszentlászló
40,99,157,222,3.925,2.242424242424242,69,3.0,25.0,2.0,Szalkszentmárton
105,233,416,569,3.961904761904762,2.4420600858369097,141,32.0,50.0,10.0,Kunszentmiklós
33,67,129,179,3.909090909090909,2.671641791044776,38,20.0,7.0,2.0,Sükösd
34,98,130,209,3.823529411764706,2.13265306122449,76,1.0,20.0,1.0,Akasztó
28,65,108,156,3.857142857142857,2.4,35,8.0,20.0,2.0,Nagybaracska
121,214,478,539,3.950413223140496,2.5186915887850465,151,46.0,11.0,6.0,Lakitelek
41,89,162,220,3.951219512195122,2.4719101123595504,64,19.0,6.0,,Harta
30,64,119,148,3.966666666666667,2.3125,48,8.0,8.0,,Jakabszállás
40,71,163,208,4.075,2.9295774647887325,34,26.0,3.0,8.0,Madaras
23,46,83,111,3.608695652173913,2.4130434782608696,35,9.0,1.0,1.0,Városföld
111,238,433,542,3.900900900900901,2.277310924369748,187,27.0,20.0,4.0,Izsák
77,187,311,424,4.038961038961039,2.267379679144385,126,13.0,41.0,7.0,Szabadszállás
97,214,389,511,4.010309278350515,2.3878504672897196,157,30.0,23.0,4.0,Jánoshalma
18,43,69,108,3.8333333333333335,2.511627906976744,27,8.0,6.0,2.0,Érsekcsanád
241,485,972,1151,4.033195020746888,2.37319587628866,361,66.0,47.0,11.0,Tiszakécske
49,101,192,233,3.9183673469387754,2.3069306930693068,81,13.0,6.0,1.0,Orgovány
129,250,523,614,4.054263565891473,2.456,167,41.0,34.0,8.0,Kecel
94,235,385,546,4.095744680851064,2.323404255319149,164,19.0,44.0,8.0,Solt
23,57,86,145,3.739130434782609,2.543859649122807,36,13.0,8.0,,Kunfehértó
75,137,302,357,4.026666666666666,2.605839416058394,76,30.0,25.0,6.0,Tiszaalpár
395,790,1618,1943,4.096202531645569,2.4594936708860757,524,137.0,106.0,23.0,Baja
76,150,301,389,3.960526315789474,2.5933333333333333,94,32.0,17.0,7.0,Mélykút
16,39,64,93,4.0,2.3846153846153846,30,4.0,,5.0,Gara
172,341,677,841,3.936046511627907,2.466275659824047,229,58.0,41.0,13.0,Kiskunmajsa
49,111,208,264,4.244897959183674,2.3783783783783785,70,10.0,27.0,4.0,Tass
311,619,1273,1576,4.093247588424437,2.5460420032310176,412,148.0,49.0,10.0,Kiskunfélegyháza
28,61,112,145,4.0,2.377049180327869,44,9.0,7.0,1.0,Ballószög
112,204,443,548,3.955357142857143,2.6862745098039214,128,63.0,9.0,4.0,Lajosmizse
42,74,162,218,3.857142857142857,2.945945945945946,36,33.0,3.0,2.0,Bugac
21,51,82,122,3.9047619047619047,2.392156862745098,34,6.0,10.0,1.0,Bácsbokod
48,99,189,241,3.9375,2.4343434343434343,69,14.0,11.0,5.0,Dusnok
44,81,176,216,4.0,2.6666666666666665,49,25.0,5.0,2.0,Tompa
28,58,111,141,3.9642857142857144,2.4310344827586206,37,8.0,9.0,4.0,Katymár
197,403,792,962,4.020304568527918,2.3870967741935485,292,58.0,43.0,10.0,Kalocsa
31,88,121,208,3.903225806451613,2.3636363636363638,61,11.0,14.0,2.0,Apostag
28,76,113,183,4.035714285714286,2.4078947368421053,59,14.0,2.0,1.0,Kisszállás
42,90,163,210,3.880952380952381,2.3333333333333335,65,8.0,12.0,5.0,Fülöpszállás
304,599,1244,1483,4.092105263157895,2.4757929883138563,385,104.0,93.0,17.0,Kiskunhalas
29,66,110,155,3.793103448275862,2.3484848484848486,48,7.0,8.0,3.0,Császártöltés
75,184,297,436,3.96,2.369565217391304,110,19.0,47.0,8.0,Dunapataj
39,84,152,206,3.8974358974358974,2.4523809523809526,58,14.0,9.0,3.0,Bátya
41,106,163,242,3.975609756097561,2.2830188679245285,74,8.0,23.0,1.0,Dávod
29,52,109,134,3.7586206896551726,2.576923076923077,36,15.0,1.0,,Szank
84,181,357,439,4.25,2.425414364640884,108,17.0,45.0,11.0,Dunavecse
58,109,230,278,3.9655172413793105,2.55045871559633,73,26.0,8.0,2.0,Kerekegyháza
1021,2110,4282,5122,4.193927522037218,2.4274881516587676,1490,322.0,229.0,69.0,Kecskemét
105,198,419,482,3.9904761904761905,2.4343434343434343,136,33.0,23.0,6.0,Soltvadkert
28,70,114,161,4.071428571428571,2.3,53,4.0,9.0,4.0,Csepreg
16,49,60,123,3.75,2.510204081632653,34,9.0,4.0,2.0,Répcelak
22,81,88,185,4.0,2.2839506172839505,55,6.0,18.0,2.0,Vasvár
62,184,239,422,3.8548387096774195,2.2934782608695654,127,15.0,36.0,6.0,Szentgotthárd
40,103,154,232,3.85,2.2524271844660193,88,10.0,2.0,3.0,Bük
102,252,403,614,3.950980392156863,2.4365079365079363,179,40.0,26.0,7.0,Körmend
105,243,438,575,4.171428571428572,2.366255144032922,179,32.0,26.0,6.0,Sárvár
20,53,71,128,3.55,2.4150943396226414,35,9.0,8.0,1.0,Ják
463,967,1933,2413,4.174946004319654,2.4953464322647365,665,189.0,88.0,25.0,Szombathely
4,22,15,51,3.75,2.3181818181818183,18,3.0,1.0,,Gencsapáti
21,49,79,107,3.761904761904762,2.183673469387755,43,4.0,2.0,,Vép
17,59,71,133,4.176470588235294,2.2542372881355934,43,4.0,11.0,1.0,Táplánszentkereszt
23,55,95,124,4.130434782608695,2.2545454545454544,41,3.0,7.0,4.0,Jánosháza
108,245,445,596,4.12037037037037,2.4326530612244897,174,41.0,24.0,6.0,Celldömölk
91,189,377,463,4.142857142857143,2.4497354497354498,116,18.0,42.0,13.0,Jászladány
554,1253,2236,2941,4.036101083032491,2.347166799680766,931,152.0,135.0,35.0,Szolnok
62,107,245,292,3.9516129032258065,2.7289719626168223,63,38.0,6.0,,Rákóczifalva
31,63,116,167,3.7419354838709675,2.6507936507936507,41,20.0,1.0,1.0,Kengyel
2,25,10,63,5.0,2.52,9,1.0,14.0,1.0,Szajol
35,73,134,178,3.8285714285714287,2.4383561643835616,52,14.0,4.0,3.0,Tiszapüspöki
23,51,85,125,3.6956521739130435,2.450980392156863,32,8.0,10.0,1.0,Gönc
25,79,101,178,4.04,2.2531645569620253,51,1.0,22.0,5.0,Abaújszántó
56,180,215,419,3.8392857142857144,2.327777777777778,128,20.0,25.0,7.0,Lenti
48,117,188,257,3.9166666666666665,2.1965811965811968,93,8.0,15.0,1.0,Tószeg
213,436,838,1051,3.9342723004694835,2.4105504587155964,326,77.0,26.0,7.0,Törökszentmiklós
60,135,244,308,4.066666666666666,2.2814814814814817,87,7.0,36.0,5.0,Zagyvarékas
16,56,64,132,4.0,2.357142857142857,39,4.0,12.0,1.0,Tiszakarád
32,84,125,183,3.90625,2.1785714285714284,67,3.0,12.0,2.0,Cigánd
16,45,58,107,3.625,2.3777777777777778,33,7.0,5.0,,Boldva
79,199,300,447,3.7974683544303796,2.2462311557788945,148,16.0,32.0,3.0,Edelény
36,92,137,220,3.8055555555555554,2.391304347826087,68,15.0,8.0,1.0,Encs
10,32,41,72,4.1,2.25,24,2.0,6.0,,Forró
49,108,206,271,4.204081632653061,2.509259259259259,59,13.0,34.0,2.0,Cibakháza
58,92,229,278,3.9482758620689653,3.0217391304347827,37,42.0,11.0,2.0,Öcsöd
128,246,503,628,3.9296875,2.5528455284552845,165,63.0,17.0,1.0,Kunszentmárton
2,25,10,62,5.0,2.48,10,,15.0,,Törtel
157,364,652,800,4.1528662420382165,2.197802197802198,282,19.0,54.0,9.0,Abony
6,38,22,85,3.6666666666666665,2.236842105263158,32,2.0,3.0,1.0,Becsehely
25,81,100,183,4.0,2.259259259259259,58,3.0,16.0,4.0,Letenye
211,559,911,1326,4.317535545023697,2.372093023255814,392,65.0,82.0,20.0,Nagykanizsa
20,49,78,121,3.9,2.4693877551020407,31,8.0,8.0,2.0,Zámoly
41,102,172,229,4.195121951219512,2.2450980392156863,80,7.0,10.0,5.0,Csákvár
17,62,61,139,3.588235294117647,2.2419354838709675,49,5.0,6.0,2.0,Rétság
11,27,41,70,3.727272727272727,2.5925925925925926,17,6.0,4.0,,Dánszentmiklós
1,15,4,41,4.0,2.7333333333333334,6,1.0,7.0,1.0,Nyáregyháza
111,239,458,552,4.126126126126126,2.309623430962343,179,26.0,30.0,4.0,Albertirsa
162,322,664,767,4.098765432098766,2.3819875776397517,209,37.0,66.0,10.0,Pilis
49,97,192,232,3.9183673469387754,2.3917525773195876,66,13.0,14.0,4.0,Ceglédbercel
87,168,347,404,3.9885057471264367,2.4047619047619047,109,22.0,30.0,7.0,Újszász
29,66,116,151,4.0,2.287878787878788,51,5.0,6.0,4.0,Újszilvás
1,24,7,68,7.0,2.8333333333333335,3,,17.0,4.0,Tápiószele
36,87,137,198,3.8055555555555554,2.2758620689655173,63,6.0,14.0,4.0,Farmos
485,889,1935,2219,3.9896907216494846,2.4960629921259843,611,188.0,68.0,22.0,Cegléd
38,90,145,216,3.8157894736842106,2.4,60,9.0,15.0,6.0,Jánoshida
51,105,206,244,4.03921568627451,2.323809523809524,73,5.0,22.0,5.0,Alattyán
73,144,293,335,4.013698630136986,2.326388888888889,108,16.0,19.0,1.0,Jászjákóhalma
126,274,527,653,4.182539682539683,2.383211678832117,198,31.0,36.0,9.0,Nagykáta
39,83,152,203,3.8974358974358974,2.4457831325301207,62,18.0,3.0,,Jászszentandrás
198,386,815,944,4.116161616161616,2.4455958549222796,255,43.0,61.0,27.0,Jászapáti
92,194,407,465,4.423913043478261,2.3969072164948453,106,13.0,67.0,8.0,Jászkisér
66,159,274,373,4.151515151515151,2.3459119496855347,113,12.0,27.0,7.0,Heves
27,76,102,190,3.7777777777777777,2.5,55,14.0,4.0,3.0,Tiszanána
20,65,77,142,3.85,2.1846153846153844,53,4.0,6.0,2.0,Tiszabura
119,229,476,559,4.0,2.441048034934498,166,36.0,17.0,10.0,Abádszalók
91,190,376,456,4.131868131868132,2.4,136,29.0,24.0,1.0,Kunhegyes
30,75,116,168,3.8666666666666667,2.24,60,1.0,9.0,5.0,Kisköre
27,70,105,151,3.888888888888889,2.157142857142857,60,3.0,6.0,1.0,Tiszaszentimre
85,182,356,427,4.188235294117647,2.3461538461538463,130,13.0,30.0,9.0,Poroszló
54,118,210,270,3.888888888888889,2.288135593220339,91,13.0,10.0,4.0,Kenderes
74,162,288,403,3.891891891891892,2.4876543209876543,103,30.0,21.0,8.0,Fegyvernek
40,84,147,212,3.675,2.5238095238095237,50,16.0,15.0,3.0,Besenyszög
144,276,584,709,4.055555555555555,2.568840579710145,177,60.0,22.0,17.0,Kisújszállás
116,237,464,560,4.0,2.3628691983122363,173,32.0,27.0,5.0,Túrkeve
244,441,979,1151,4.012295081967213,2.6099773242630384,273,109.0,41.0,18.0,Karcag
73,174,289,400,3.958904109589041,2.2988505747126435,129,10.0,30.0,5.0,Tápiószentmárton
16,53,60,118,3.75,2.2264150943396226,38,3.0,12.0,,Tápióbicske
16,55,64,123,4.0,2.2363636363636363,38,1.0,14.0,2.0,Gomba
22,51,91,125,4.136363636363637,2.450980392156863,33,6.0,11.0,1.0,Tápióság
20,51,74,113,3.7,2.215686274509804,38,2.0,9.0,2.0,Úri
54,118,221,282,4.092592592592593,2.389830508474576,81,12.0,19.0,6.0,Kunmadaras
49,114,208,255,4.244897959183674,2.236842105263158,85,5.0,24.0,,Szentistván
143,328,594,770,4.153846153846154,2.347560975609756,231,29.0,53.0,15.0,Tiszafüred
95,185,377,428,3.968421052631579,2.3135135135135134,142,23.0,19.0,1.0,Jászfényszaru
21,51,83,118,3.9523809523809526,2.3137254901960786,36,3.0,11.0,1.0,Csány
173,324,691,811,3.994219653179191,2.503086419753086,201,52.0,54.0,17.0,Jászárokszállás
431,885,1814,2119,4.208816705336427,2.394350282485876,609,97.0,144.0,35.0,Jászberény
60,141,251,335,4.183333333333334,2.375886524822695,90,14.0,29.0,8.0,Jászalsószentgyörgy
56,129,226,300,4.035714285714286,2.3255813953488373,90,12.0,25.0,2.0,Tápiógyörgye
32,67,124,155,3.875,2.3134328358208953,52,6.0,6.0,3.0,Újhartyán
158,363,662,847,4.189873417721519,2.3333333333333335,270,34.0,46.0,13.0,Dabas
29,65,113,148,3.896551724137931,2.276923076923077,53,8.0,4.0,,Hernád
23,53,85,128,3.6956521739130435,2.4150943396226414,35,7.0,9.0,2.0,Kakucs
41,88,159,205,3.8780487804878048,2.3295454545454546,69,10.0,6.0,3.0,Örkény
29,81,115,182,3.9655172413793105,2.246913580246914,68,6.0,4.0,3.0,Inárcs
385,955,1636,2289,4.249350649350649,2.3968586387434554,623,123.0,176.0,33.0,Zalaegerszeg
64,168,242,375,3.78125,2.232142857142857,129,10.0,28.0,1.0,Zalaszentgrót
42,92,160,226,3.8095238095238093,2.4565217391304346,63,16.0,9.0,4.0,Hévíz
47,143,185,324,3.9361702127659575,2.265734265734266,93,7.0,40.0,3.0,Cserszegtomaj
176,399,706,960,4.011363636363637,2.406015037593985,295,63.0,30.0,11.0,Keszthely
43,152,181,341,4.209302325581396,2.2434210526315788,114,11.0,25.0,2.0,Gyenesdiás
86,193,341,448,3.9651162790697674,2.321243523316062,151,24.0,17.0,1.0,Vonyarcvashegy
12,45,45,98,3.75,2.1777777777777776,33,2.0,10.0,,Pázmánd
31,76,122,170,3.935483870967742,2.236842105263158,61,6.0,7.0,2.0,Seregélyes
33,109,129,258,3.909090909090909,2.36697247706422,69,6.0,29.0,5.0,Pákozd
19,47,74,105,3.8947368421052633,2.234042553191489,35,2.0,10.0,,Úrhida
22,58,83,136,3.772727272727273,2.3448275862068964,44,5.0,7.0,2.0,Lovasberény
520,1287,2202,3001,4.234615384615385,2.3317793317793316,946,131.0,164.0,46.0,Székesfehérvár
38,93,147,202,3.8684210526315788,2.172043010752688,81,4.0,6.0,2.0,Szabadbattyán
82,218,323,482,3.9390243902439024,2.2110091743119265,185,16.0,11.0,6.0,Balatonboglár
73,131,273,339,3.73972602739726,2.5877862595419847,85,36.0,9.0,1.0,Balatonföldvár
8,48,39,110,4.875,2.2916666666666665,33,3.0,10.0,2.0,Berzence
8,21,29,51,3.625,2.4285714285714284,15,2.0,3.0,1.0,Lábod
3,22,12,47,4.0,2.1363636363636362,17,1.0,4.0,,Kadarkút
75,162,300,382,4.0,2.3580246913580245,126,24.0,9.0,3.0,Balatonszárszó
27,88,110,199,4.074074074074074,2.2613636363636362,64,5.0,15.0,4.0,Tab
195,397,799,996,4.097435897435897,2.508816120906801,264,80.0,46.0,7.0,Fonyód
18,48,69,116,3.8333333333333335,2.4166666666666665,32,8.0,6.0,2.0,Balatonszabadi
10,37,38,87,3.8,2.3513513513513513,28,6.0,3.0,,Böhönye
9,28,34,68,3.7777777777777777,2.4285714285714284,20,5.0,2.0,1.0,Kéthely
5,31,16,71,3.2,2.2903225806451615,22,2.0,6.0,1.0,Ádánd
63,147,253,351,4.015873015873016,2.3877551020408165,106,25.0,15.0,1.0,Nagyatád
30,79,117,180,3.9,2.278481012658228,59,8.0,12.0,,Csurgó
68,177,287,419,4.220588235294118,2.367231638418079,130,25.0,20.0,2.0,Barcs
13,39,47,82,3.6153846153846154,2.1025641025641026,34,,3.0,2.0,Nagybajom
76,198,305,454,4.0131578947368425,2.292929292929293,156,21.0,19.0,2.0,Balatonlelle
417,871,1709,2173,4.09832134292566,2.494833524684271,583,168.0,104.0,16.0,Siófok
20,60,77,147,3.85,2.45,36,6.0,14.0,4.0,Lengyeltóti
280,729,1236,1760,4.414285714285715,2.4142661179698215,472,87.0,127.0,43.0,Kaposvár
153,325,595,803,3.888888888888889,2.4707692307692306,239,70.0,12.0,4.0,Balatonfenyves
67,168,280,390,4.17910447761194,2.3214285714285716,122,18.0,24.0,4.0,Marcali
11,40,38,88,3.4545454545454546,2.2,29,1.0,9.0,1.0,Segesd
144,265,576,690,4.0,2.6037735849056602,174,73.0,13.0,5.0,Zamárdi
2,20,6,45,3.0,2.25,15,1.0,2.0,2.0,Pusztavám
85,206,350,484,4.117647058823529,2.349514563106796,138,16.0,44.0,8.0,Mór
29,76,112,172,3.8620689655172415,2.263157894736842,59,5.0,10.0,2.0,Bodajk
13,54,49,124,3.769230769230769,2.2962962962962963,26,2.0,24.0,2.0,Bakonycsernye
46,119,181,266,3.9347826086956523,2.235294117647059,90,4.0,18.0,7.0,Etyek
36,109,140,254,3.888888888888889,2.330275229357798,83,14.0,10.0,2.0,Kápolnásnyék
42,109,158,255,3.761904761904762,2.3394495412844036,83,15.0,9.0,2.0,Martonvásár
28,77,109,172,3.892857142857143,2.2337662337662336,64,5.0,5.0,3.0,Baracska
38,76,150,183,3.9473684210526314,2.4078947368421053,55,12.0,9.0,,Ráckeresztúr
12,45,49,103,4.083333333333333,2.2888888888888888,30,2.0,10.0,3.0,Vál
25,82,97,188,3.88,2.292682926829268,58,6.0,16.0,2.0,Szob
10,35,34,73,3.4,2.085714285714286,31,1.0,3.0,,Romhány
34,75,130,168,3.823529411764706,2.24,62,7.0,5.0,1.0,Érsekvadkert
161,316,637,763,3.9565217391304346,2.4145569620253164,234,54.0,24.0,4.0,Balassagyarmat
13,54,51,118,3.923076923076923,2.185185185185185,37,1.0,14.0,2.0,Buják
19,53,73,121,3.8421052631578947,2.2830188679245285,34,3.0,15.0,1.0,Jobbágyi
58,155,227,340,3.913793103448276,2.193548387096774,127,11.0,17.0,,Szécsény
115,478,418,1082,3.634782608695652,2.2635983263598325,305,19.0,140.0,14.0,Salgótarján
13,35,49,79,3.769230769230769,2.257142857142857,25,1.0,7.0,2.0,Heréd
13,47,57,114,4.384615384615385,2.425531914893617,24,2.0,19.0,2.0,Kosd
38,85,150,218,3.9473684210526314,2.5647058823529414,53,17.0,12.0,3.0,Dány
15,41,56,91,3.7333333333333334,2.2195121951219514,33,3.0,5.0,,Vácszentlászló
11,35,42,80,3.8181818181818183,2.2857142857142856,20,1.0,14.0,,Valkó
20,52,74,109,3.7,2.0961538461538463,47,2.0,3.0,,Zsámbok
42,102,164,220,3.9047619047619047,2.156862745098039,82,5.0,15.0,,Kóka
10,38,38,88,3.8,2.3157894736842106,17,1.0,20.0,,Mány
90,191,367,478,4.0777777777777775,2.5026178010471205,125,39.0,25.0,2.0,Bicske
29,90,109,214,3.7586206896551726,2.3777777777777778,61,11.0,16.0,2.0,Mende
43,94,175,232,4.069767441860465,2.4680851063829787,58,15.0,20.0,1.0,Tóalmás
31,80,113,175,3.6451612903225805,2.1875,65,5.0,8.0,2.0,Szentmártonkáta
69,147,268,348,3.8840579710144927,2.36734693877551,97,17.0,28.0,5.0,Sülysáp
23,47,86,123,3.739130434782609,2.617021276595745,32,12.0,,3.0,Péteri
116,204,458,552,3.9482758620689653,2.7058823529411766,95,37.0,44.0,28.0,Maglód
124,283,499,639,4.024193548387097,2.2579505300353357,207,24.0,47.0,5.0,Pécel
213,401,860,1010,4.037558685446009,2.518703241895262,273,87.0,37.0,4.0,Vecsés
37,81,149,197,4.027027027027027,2.432098765432099,49,10.0,19.0,3.0,Ecser
235,399,943,1079,4.012765957446809,2.7042606516290726,245,131.0,20.0,3.0,Gyál
76,189,296,419,3.8947368421052633,2.2169312169312168,149,10.0,28.0,2.0,Szada
102,206,399,519,3.911764705882353,2.5194174757281553,127,40.0,30.0,9.0,Kerepes
100,226,387,532,3.87,2.353982300884956,142,28.0,53.0,3.0,Isaszeg
39,122,149,275,3.8205128205128207,2.2540983606557377,95,11.0,14.0,2.0,Nagytarcsa
90,216,373,512,4.144444444444445,2.3703703703703702,144,27.0,39.0,6.0,Csömör
159,282,639,714,4.018867924528302,2.5319148936170213,185,62.0,27.0,8.0,Kistarcsa
336,657,1390,1639,4.136904761904762,2.4946727549467274,419,96.0,100.0,42.0,Veresegyház
16,51,60,121,3.75,2.372549019607843,31,1.0,15.0,4.0,Domony
9,33,37,77,4.111111111111111,2.3333333333333335,24,5.0,4.0,,Iklad
26,63,100,148,3.8461538461538463,2.3492063492063493,46,6.0,10.0,1.0,Hévízgyörk
43,97,165,233,3.8372093023255816,2.402061855670103,66,12.0,15.0,4.0,Bag
18,47,69,110,3.8333333333333335,2.3404255319148937,35,6.0,6.0,,Galgahévíz
8,35,31,81,3.875,2.3142857142857145,22,2.0,9.0,2.0,Nagyoroszi
13,59,45,146,3.4615384615384617,2.4745762711864407,34,7.0,16.0,2.0,Parád
44,91,165,230,3.75,2.5274725274725274,56,18.0,14.0,3.0,Kartal
51,114,204,255,4.0,2.236842105263158,94,10.0,8.0,2.0,Aba
24,53,94,125,3.9166666666666665,2.358490566037736,37,3.0,11.0,2.0,Sárkeresztúr
12,23,45,54,3.75,2.347826086956522,19,3.0,,1.0,Kisláng
15,38,58,90,3.8666666666666667,2.3684210526315788,27,4.0,7.0,,Káloz
15,42,55,100,3.6666666666666665,2.380952380952381,32,6.0,3.0,1.0,Dég
107,260,424,591,3.9626168224299065,2.273076923076923,210,25.0,20.0,5.0,Sárbogárd
11,33,43,75,3.909090909090909,2.272727272727273,24,3.0,6.0,,Alap
18,68,81,154,4.5,2.264705882352941,43,,24.0,1.0,Pincehely
41,97,165,219,4.024390243902439,2.2577319587628866,70,9.0,17.0,1.0,Simontornya
25,61,93,137,3.72,2.2459016393442623,44,4.0,11.0,2.0,Cece
53,118,222,285,4.188679245283019,2.4152542372881354,72,8.0,33.0,5.0,Földes
95,226,391,511,4.11578947368421,2.2610619469026547,164,19.0,41.0,2.0,Nádudvar
85,216,358,488,4.211764705882353,2.259259259259259,155,13.0,44.0,4.0,Kaba
19,60,73,136,3.8421052631578947,2.2666666666666666,49,4.0,6.0,1.0,Hajdúszovát
219,516,923,1236,4.2146118721461185,2.395348837209302,371,82.0,55.0,8.0,Hajdúszoboszló
34,82,136,204,4.0,2.4878048780487805,59,17.0,3.0,3.0,Nagyhegyes
166,322,713,800,4.295180722891566,2.484472049689441,206,59.0,47.0,10.0,Püspökladány
23,52,88,133,3.8260869565217392,2.5576923076923075,31,11.0,7.0,3.0,Sárrétudvari
42,80,166,207,3.9523809523809526,2.5875,50,16.0,9.0,5.0,Báránd
41,89,164,211,4.0,2.3707865168539324,67,12.0,9.0,1.0,Biharnagybajom
28,81,112,228,4.0,2.814814814814815,46,30.0,2.0,3.0,Ebes
157,298,627,754,3.9936305732484074,2.530201342281879,212,70.0,8.0,8.0,Balmazújváros
26,58,99,142,3.8076923076923075,2.4482758620689653,41,9.0,6.0,2.0,Bocskaikert
264,610,1075,1470,4.071969696969697,2.4098360655737703,435,96.0,62.0,17.0,Hajdúböszörmény
54,95,210,245,3.888888888888889,2.5789473684210527,65,26.0,2.0,2.0,Téglás
45,112,169,256,3.7555555555555555,2.2857142857142856,80,5.0,22.0,5.0,Bölcske
125,264,516,613,4.128,2.321969696969697,172,21.0,56.0,15.0,Dunaföldvár
58,146,247,343,4.258620689655173,2.3493150684931505,111,20.0,12.0,3.0,Komádi
13,42,51,91,3.923076923076923,2.1666666666666665,34,3.0,5.0,,Pétervására
6,72,21,158,3.5,2.1944444444444446,41,1.0,30.0,,Borsodnádasd
23,62,83,143,3.608695652173913,2.306451612903226,38,2.0,16.0,6.0,Recsk
39,95,147,223,3.769230769230769,2.3473684210526318,65,7.0,17.0,6.0,Mátraderecske
44,93,166,219,3.772727272727273,2.3548387096774195,67,8.0,14.0,4.0,Verpelét
28,77,106,176,3.7857142857142856,2.2857142857142856,52,4.0,21.0,,Abasár
21,62,80,134,3.8095238095238093,2.161290322580645,49,2.0,10.0,1.0,Domoszló
85,218,335,513,3.9411764705882355,2.353211009174312,153,22.0,30.0,13.0,Bátonyterenye
23,59,91,142,3.9565217391304346,2.406779661016949,35,3.0,16.0,5.0,Gyöngyöspata
16,51,70,116,4.375,2.2745098039215685,27,,22.0,2.0,Gyöngyöstarján
80,239,334,527,4.175,2.205020920502092,185,10.0,38.0,6.0,Pásztó
40,93,159,217,3.975,2.3333333333333335,69,8.0,13.0,3.0,Karácsond
27,68,107,159,3.962962962962963,2.338235294117647,47,7.0,13.0,1.0,Adács
13,50,57,118,4.384615384615385,2.36,33,5.0,10.0,2.0,Nagyréde
256,511,1062,1295,4.1484375,2.5342465753424657,342,87.0,60.0,22.0,Gyöngyös
27,66,99,145,3.6666666666666665,2.196969696969697,50,3.0,13.0,,Gyöngyöshalász
39,82,153,195,3.923076923076923,2.3780487804878048,53,8.0,17.0,4.0,Ecséd
22,54,83,129,3.772727272727273,2.388888888888889,34,5.0,12.0,3.0,Apc
30,63,122,166,4.066666666666666,2.634920634920635,36,14.0,11.0,2.0,Hort
33,76,135,178,4.090909090909091,2.3421052631578947,48,5.0,21.0,2.0,Rózsaszentmárton
13,45,45,111,3.4615384615384617,2.466666666666667,22,1.0,20.0,2.0,Rudabánya
10,39,35,85,3.5,2.1794871794871793,33,2.0,4.0,,Kompolt
26,53,98,138,3.769230769230769,2.6037735849056602,30,9.0,11.0,3.0,Kál
8,33,31,79,3.875,2.393939393939394,22,4.0,4.0,3.0,Maklár
14,44,49,99,3.5,2.25,36,4.0,3.0,1.0,Andornaktálya
84,170,334,403,3.9761904761904763,2.3705882352941177,123,22.0,21.0,4.0,Füzesabony
5,19,19,46,3.8,2.4210526315789473,11,2.0,6.0,,Kerecsend
308,741,1301,1742,4.224025974025974,2.3508771929824563,498,65.0,148.0,30.0,Eger
22,63,90,144,4.090909090909091,2.2857142857142856,40,5.0,16.0,2.0,Bélapátfalva
25,52,99,119,3.96,2.2884615384615383,39,4.0,7.0,2.0,Boldog
79,187,318,438,4.025316455696203,2.342245989304813,131,19.0,33.0,4.0,Tiszacsege
19,55,74,121,3.8947368421052633,2.2,43,1.0,10.0,1.0,Tiszakeszi
198,439,800,1059,4.040404040404041,2.4123006833712983,315,63.0,46.0,15.0,Hatvan
35,99,132,235,3.7714285714285714,2.3737373737373737,65,11.0,22.0,1.0,Bogács
179,336,713,879,3.983240223463687,2.6160714285714284,209,83.0,31.0,13.0,Velence
94,237,400,553,4.25531914893617,2.3333333333333335,162,22.0,45.0,8.0,Ercsi
60,102,228,287,3.8,2.8137254901960786,50,38.0,13.0,1.0,Pusztaszabolcs
377,677,1515,1719,4.018567639257294,2.5391432791728215,474,167.0,26.0,10.0,Gárdony
12,39,44,86,3.6666666666666665,2.2051282051282053,29,,9.0,1.0,Iváncsa
18,50,67,115,3.7222222222222223,2.3,40,6.0,3.0,1.0,Szabadegyháza
39,87,163,201,4.17948717948718,2.310344827586207,57,6.0,23.0,1.0,Perkáta
28,65,112,153,4.0,2.353846153846154,45,9.0,10.0,1.0,Adony
49,98,187,231,3.816326530612245,2.357142857142857,75,14.0,7.0,2.0,Nagyvenyim
25,64,84,145,3.36,2.265625,49,6.0,8.0,1.0,Sárosd
21,65,77,146,3.6666666666666665,2.246153846153846,50,7.0,7.0,1.0,Baracs
189,408,800,986,4.232804232804233,2.4166666666666665,279,52.0,59.0,18.0,Dunaújváros
63,180,262,408,4.158730158730159,2.2666666666666666,135,12.0,28.0,5.0,Rácalmás
23,67,97,156,4.217391304347826,2.328358208955224,44,4.0,17.0,2.0,Kulcs
12,48,43,110,3.5833333333333335,2.2916666666666665,32,1.0,14.0,1.0,Arló
12,43,41,90,3.4166666666666665,2.0930232558139537,36,2.0,5.0,,Múcsony
60,133,254,331,4.233333333333333,2.488721804511278,79,14.0,35.0,5.0,Putnok
22,57,79,120,3.590909090909091,2.1052631578947367,50,1.0,5.0,1.0,Sajókaza
162,496,641,1148,3.95679012345679,2.314516129032258,324,37.0,119.0,16.0,Ózd
11,38,39,79,3.5454545454545454,2.0789473684210527,34,1.0,3.0,,Sajóbábony
103,222,400,525,3.883495145631068,2.364864864864865,147,23.0,44.0,8.0,Sajószentpéter
159,362,649,859,4.081761006289308,2.3729281767955803,258,41.0,52.0,11.0,Kazincbarcika
93,239,378,549,4.064516129032258,2.297071129707113,177,26.0,30.0,6.0,Polgár
169,355,694,900,4.106508875739645,2.535211267605634,221,70.0,55.0,9.0,Hajdúnánás
32,71,120,181,3.75,2.5492957746478875,49,19.0,3.0,,Görbeháza
19,57,71,124,3.736842105263158,2.175438596491228,43,4.0,10.0,,Tiszadada
41,104,156,248,3.8048780487804876,2.3846153846153846,68,13.0,19.0,4.0,Tiszadob
63,135,265,319,4.2063492063492065,2.362962962962963,80,12.0,40.0,3.0,Tállya
110,278,435,652,3.9545454545454546,2.3453237410071943,193,38.0,43.0,4.0,Sárospatak
113,238,461,563,4.079646017699115,2.365546218487395,168,24.0,36.0,10.0,Szerencs
17,47,64,106,3.764705882352941,2.25531914893617,26,1.0,19.0,1.0,Prügy
58,142,228,323,3.9310344827586206,2.2746478873239435,88,6.0,43.0,5.0,Tokaj
33,69,123,163,3.727272727272727,2.36231884057971,49,7.0,9.0,4.0,Tarcal
29,71,114,158,3.9310344827586206,2.2253521126760565,45,3.0,22.0,1.0,Mád
103,302,404,672,3.9223300970873787,2.225165562913907,214,14.0,69.0,5.0,Sátoraljaújhely
31,72,124,164,4.0,2.2777777777777777,45,2.0,22.0,3.0,Megyaszó
23,52,89,130,3.869565217391304,2.5,34,8.0,7.0,3.0,Gesztely
37,82,137,192,3.7027027027027026,2.341463414634146,63,12.0,7.0,,Taktaharkány
57,110,225,275,3.9473684210526314,2.5,71,20.0,17.0,2.0,Tiszalúc
22,60,83,128,3.772727272727273,2.1333333333333333,48,2.0,9.0,1.0,Bekecs
10,33,40,78,4.0,2.3636363636363638,21,3.0,8.0,1.0,Taktaszada
282,760,1176,1759,4.170212765957447,2.3144736842105265,530,69.0,143.0,18.0,Vác
53,164,210,379,3.9622641509433962,2.3109756097560976,115,14.0,31.0,4.0,Nagymaros
7,27,30,64,4.285714285714286,2.3703703703703702,20,3.0,4.0,,Töltéstava
19,44,75,110,3.9473684210526314,2.5,29,8.0,7.0,,Abda
11,28,40,72,3.6363636363636362,2.5714285714285716,18,7.0,3.0,,Pér
39,92,157,224,4.0256410256410255,2.4347826086956523,59,8.0,19.0,6.0,Pannonhalma
25,53,92,137,3.68,2.5849056603773586,31,12.0,7.0,3.0,Tét
13,35,46,77,3.5384615384615383,2.2,30,2.0,2.0,1.0,Koroncó
29,62,114,144,3.9310344827586206,2.3225806451612905,40,4.0,16.0,2.0,Ónod
27,70,107,163,3.962962962962963,2.3285714285714287,55,9.0,4.0,2.0,Sajószöged
55,153,219,343,3.981818181818182,2.241830065359477,116,8.0,26.0,3.0,Nyékládháza
84,170,331,442,3.9404761904761907,2.6,105,41.0,22.0,2.0,Tiszaújváros
56,139,222,309,3.9642857142857144,2.223021582733813,112,10.0,14.0,3.0,Mályi
26,72,95,158,3.6538461538461537,2.1944444444444446,53,5.0,14.0,,Kistokaj
20,51,79,119,3.95,2.3333333333333335,36,5.0,9.0,1.0,Sajólád
39,90,160,213,4.102564102564102,2.3666666666666667,64,11.0,11.0,4.0,Alsózsolca
14,49,53,108,3.7857142857142856,2.204081632653061,38,1.0,9.0,1.0,Harsány
1148,2653,4891,6452,4.260452961672474,2.4319638145495666,1640,348.0,567.0,98.0,Miskolc
40,94,149,228,3.725,2.425531914893617,55,13.0,22.0,4.0,Onga
7,26,24,60,3.4285714285714284,2.3076923076923075,18,3.0,4.0,1.0,Arnót
18,43,71,95,3.9444444444444446,2.2093023255813953,33,2.0,6.0,2.0,Sajóvámos
77,171,308,410,4.0,2.3976608187134505,105,22.0,38.0,6.0,Szikszó
24,62,92,147,3.8333333333333335,2.370967741935484,39,7.0,14.0,2.0,Sáránd
91,224,372,521,4.087912087912088,2.325892857142857,158,14.0,41.0,11.0,Derecske
55,132,218,303,3.963636363636364,2.2954545454545454,93,13.0,24.0,2.0,Mikepércs
32,72,124,168,3.875,2.3333333333333335,48,3.0,16.0,5.0,Konyár
31,63,118,146,3.806451612903226,2.3174603174603177,46,8.0,9.0,,Hajdúbagos
47,126,197,302,4.191489361702128,2.3968253968253967,89,17.0,17.0,3.0,Hosszúpályi
20,63,76,143,3.8,2.2698412698412698,38,3.0,20.0,2.0,Monostorpályi
51,132,206,314,4.03921568627451,2.378787878787879,92,16.0,20.0,4.0,Létavértes
17,52,61,123,3.588235294117647,2.3653846153846154,37,7.0,6.0,2.0,Pocsaj
33,76,132,166,4.0,2.1842105263157894,66,4.0,3.0,3.0,Biharkeresztes
36,79,136,178,3.7777777777777777,2.2531645569620253,63,7.0,8.0,1.0,Nagyrábé
160,385,683,907,4.26875,2.3558441558441556,272,42.0,60.0,11.0,Berettyóújfalu
11,34,41,73,3.727272727272727,2.1470588235294117,22,2.0,9.0,1.0,Nyírmártonfalva
89,216,391,484,4.393258426966292,2.240740740740741,161,16.0,36.0,3.0,Hajdúsámson
39,91,153,205,3.923076923076923,2.2527472527472527,69,8.0,14.0,,Vámospércs
1380,3167,5786,7388,4.1927536231884055,2.3328070729396906,2415,384.0,299.0,69.0,Debrecen
171,395,703,904,4.111111111111111,2.288607594936709,282,29.0,74.0,10.0,Tiszavasvári
40,123,158,267,3.95,2.1707317073170733,106,8.0,8.0,1.0,Nyírtelek
20,57,74,136,3.7,2.3859649122807016,39,9.0,9.0,,Kótaj
85,203,337,478,3.9647058823529413,2.354679802955665,135,20.0,42.0,6.0,Tiszalök
36,79,135,191,3.75,2.4177215189873418,57,13.0,7.0,2.0,Tiszaeszlár
787,1955,3387,4657,4.303684879288437,2.382097186700767,1405,252.0,237.0,61.0,Nyíregyháza
16,53,53,121,3.3125,2.2830188679245285,43,5.0,4.0,1.0,Nyírbogdány
24,70,96,160,4.0,2.2857142857142856,46,6.0,17.0,1.0,Napkor
18,51,73,123,4.055555555555555,2.411764705882353,31,6.0,12.0,2.0,Nyírpazony
89,205,358,485,4.022471910112359,2.3658536585365852,119,17.0,54.0,15.0,Nagykálló
13,39,50,86,3.8461538461538463,2.2051282051282053,30,,4.0,5.0,Bököny
9,39,35,87,3.888888888888889,2.230769230769231,25,1.0,11.0,2.0,Nyírmihálydi
93,230,366,503,3.935483870967742,2.1869565217391305,176,14.0,37.0,3.0,Újfehértó
13,36,45,86,3.4615384615384617,2.388888888888889,26,4.0,4.0,2.0,Apagy
22,55,86,140,3.909090909090909,2.5454545454545454,35,12.0,7.0,1.0,Ófehértó
28,89,109,212,3.892857142857143,2.3820224719101124,58,10.0,17.0,4.0,Balkány
21,62,71,131,3.380952380952381,2.1129032258064515,48,1.0,12.0,1.0,Kállósemjén
12,31,44,70,3.6666666666666665,2.2580645161290325,22,3.0,5.0,1.0,Máriapócs
22,56,84,127,3.8181818181818183,2.267857142857143,42,4.0,6.0,4.0,Szakoly
17,42,62,99,3.6470588235294117,2.357142857142857,32,4.0,3.0,3.0,Levelek
3,18,10,40,3.3333333333333335,2.2222222222222223,11,1.0,5.0,1.0,Encsencs
13,52,51,121,3.923076923076923,2.326923076923077,29,5.0,17.0,1.0,Nyíracsád
7,26,26,53,3.7142857142857144,2.0384615384615383,23,,3.0,,Nyírbéltek
15,47,56,105,3.7333333333333334,2.234042553191489,32,1.0,12.0,2.0,Nyírábrány
19,57,65,126,3.4210526315789473,2.210526315789474,40,4.0,12.0,1.0,Nyírlugos
45,128,175,287,3.888888888888889,2.2421875,99,9.0,16.0,4.0,Nyíradony
11,43,37,99,3.3636363636363638,2.302325581395349,34,5.0,3.0,1.0,Tunyogmatolcs
12,32,43,70,3.5833333333333335,2.1875,26,1.0,5.0,,Nyírgyulaj
122,257,506,641,4.147540983606557,2.4941634241245136,162,44.0,38.0,13.0,Mátészalka
18,43,65,99,3.611111111111111,2.302325581395349,32,4.0,5.0,2.0,Kántorjánosi
4,25,16,52,4.0,2.08,23,1.0,1.0,,Nyírcsaholy
105,224,422,556,4.019047619047619,2.482142857142857,153,39.0,20.0,12.0,Nyírbátor
15,44,54,97,3.6,2.2045454545454546,33,2.0,9.0,,Vaja
7,31,24,65,3.4285714285714284,2.096774193548387,28,,1.0,2.0,Mérk
4,27,13,56,3.25,2.074074074074074,22,,5.0,,Nagydobos
34,99,139,221,4.088235294117647,2.2323232323232323,75,7.0,16.0,1.0,Nagyecsed
15,40,60,93,4.0,2.325,28,4.0,7.0,1.0,Hodász
11,43,40,90,3.6363636363636362,2.0930232558139537,33,1.0,9.0,,Nyírmeggyes
33,74,130,181,3.9393939393939394,2.445945945945946,48,11.0,13.0,2.0,Baktalórántháza
8,41,30,92,3.75,2.2439024390243905,26,2.0,13.0,,Nyírbogát
13,52,48,119,3.6923076923076925,2.2884615384615383,34,1.0,15.0,2.0,Kocsord
8,23,24,52,3.0,2.260869565217391,15,2.0,6.0,,Ópályi
15,40,51,89,3.4,2.225,31,2.0,6.0,1.0,Bagamér
61,131,246,303,4.032786885245901,2.312977099236641,99,15.0,14.0,3.0,Fehérgyarmat
13,46,49,101,3.769230769230769,2.1956521739130435,37,2.0,6.0,1.0,Porcsalma
8,32,34,74,4.25,2.3125,19,1.0,12.0,,Tarpa
19,50,69,121,3.6315789473684212,2.42,32,8.0,9.0,1.0,Nyírmada
12,36,42,79,3.5,2.1944444444444446,26,2.0,8.0,,Nyírkarász
7,24,24,51,3.4285714285714284,2.125,20,1.0,3.0,,Gyulaháza
54,140,204,315,3.7777777777777777,2.25,103,9.0,25.0,3.0,Ibrány
6,21,22,43,3.6666666666666665,2.0476190476190474,16,,5.0,,Kék
26,85,102,192,3.923076923076923,2.2588235294117647,64,4.0,16.0,1.0,Nagyhalász
17,48,64,103,3.764705882352941,2.1458333333333335,36,2.0,10.0,,Buj
41,98,155,232,3.7804878048780486,2.36734693877551,75,14.0,5.0,4.0,Rakamaz
28,82,109,176,3.892857142857143,2.1463414634146343,61,2.0,18.0,1.0,Kemecse
17,43,65,104,3.823529411764706,2.4186046511627906,26,5.0,11.0,1.0,Fényeslitke
7,27,27,60,3.857142857142857,2.2222222222222223,21,2.0,4.0,,Döge
27,71,110,171,4.074074074074074,2.408450704225352,42,7.0,20.0,2.0,Dombrád
11,34,39,70,3.5454545454545454,2.0588235294117645,27,,7.0,,Gégény
25,63,95,139,3.8,2.2063492063492065,54,4.0,3.0,2.0,Demecser
11,36,39,81,3.5454545454545454,2.25,28,3.0,3.0,2.0,Pátroha
99,240,430,560,4.343434343434343,2.3333333333333335,180,30.0,25.0,5.0,Kisvárda
20,57,80,123,4.0,2.1578947368421053,43,2.0,12.0,,Ajak
16,42,62,97,3.875,2.3095238095238093,26,4.0,9.0,3.0,Nyírtass
9,27,29,62,3.2222222222222223,2.2962962962962963,22,4.0,1.0,,Aranyosapáti
14,49,53,112,3.7857142857142856,2.2857142857142856,34,3.0,11.0,1.0,Tuzsér
15,42,60,95,4.0,2.261904761904762,33,4.0,4.0,1.0,Mándok
14,38,51,84,3.642857142857143,2.210526315789474,32,4.0,2.0,,Tornyospálca
39,77,157,192,4.0256410256410255,2.4935064935064934,51,17.0,8.0,1.0,Záhony
51,157,204,368,4.0,2.343949044585987,113,20.0,20.0,4.0,Vásárosnamény
31,88,131,201,4.225806451612903,2.284090909090909,68,6.0,11.0,3.0,Csenger
11,44,44,97,4.0,2.2045454545454546,25,2.0,16.0,1.0,Tyukod
54,133,215,311,3.9814814814814814,2.338345864661654,88,12.0,27.0,6.0,Enying
12,38,44,85,3.6666666666666665,2.236842105263158,32,4.0,2.0,,Lajoskomárom
20,42,79,110,3.95,2.619047619047619,28,11.0,1.0,2.0,Lepsény
57,152,235,352,4.12280701754386,2.3157894736842106,115,13.0,18.0,6.0,Polgárdi
17,43,66,102,3.8823529411764706,2.372093023255814,30,5.0,7.0,1.0,Szany
24,63,89,145,3.7083333333333335,2.3015873015873014,46,6.0,9.0,2.0,Kóny
85,180,342,407,4.023529411764706,2.261111111111111,145,11.0,17.0,7.0,Csorna
21,50,83,105,3.9523809523809526,2.1,39,1.0,10.0,,Beled
80,170,330,409,4.125,2.4058823529411764,116,24.0,27.0,3.0,Kapuvár
6,30,21,69,3.5,2.3,23,2.0,3.0,2.0,Kópháza
393,930,1676,2238,4.264631043256998,2.4064516129032256,598,100.0,189.0,43.0,Sopron
16,47,57,107,3.5625,2.276595744680851,28,2.0,16.0,1.0,Ágfalva
81,182,340,437,4.197530864197531,2.401098901098901,114,14.0,47.0,7.0,Jánossomorja
15,45,59,104,3.933333333333333,2.311111111111111,34,4.0,7.0,,Kimle
39,92,158,228,4.051282051282051,2.4782608695652173,52,11.0,28.0,1.0,Halászi
305,638,1231,1544,4.036065573770492,2.420062695924765,422,93.0,103.0,20.0,Mosonmagyaróvár
63,139,252,330,4.0,2.3741007194244603,95,15.0,24.0,5.0,Rajka
51,113,202,263,3.9607843137254903,2.327433628318584,82,13.0,15.0,3.0,Hegyeshalom
24,57,99,137,4.125,2.4035087719298245,38,6.0,9.0,4.0,Lébény
40,85,155,195,3.875,2.2941176470588234,64,6.0,12.0,3.0,Mosonszentmiklós
19,48,66,110,3.473684210526316,2.2916666666666665,36,3.0,7.0,2.0,Rábapatona
20,50,78,112,3.9,2.24,39,3.0,5.0,3.0,Öttevény
162,395,692,937,4.271604938271605,2.3721518987341774,260,36.0,83.0,16.0,Paks
32,71,125,162,3.90625,2.2816901408450705,50,7.0,14.0,,Dunaszentgyörgy
9,31,33,72,3.6666666666666665,2.3225806451612905,22,4.0,5.0,,Tengelic
33,82,125,196,3.787878787878788,2.3902439024390243,56,12.0,14.0,,Fadd
31,85,123,203,3.967741935483871,2.388235294117647,54,8.0,20.0,3.0,Bogyiszló
9,31,35,74,3.888888888888889,2.3870967741935485,21,6.0,4.0,,Szedres
138,268,566,648,4.101449275362318,2.417910447761194,178,33.0,45.0,12.0,Tolna
41,91,160,238,3.902439024390244,2.6153846153846154,58,24.0,8.0,1.0,Decs
53,126,203,301,3.830188679245283,2.388888888888889,88,20.0,15.0,3.0,Bátaszék
190,586,852,1375,4.484210526315789,2.34641638225256,397,51.0,122.0,16.0,Szekszárd
19,62,70,145,3.6842105263157894,2.338709677419355,40,3.0,18.0,1.0,Nagymányok
3,26,9,55,3.0,2.1153846153846154,21,1.0,4.0,,Zomba
76,192,311,450,4.092105263157895,2.34375,129,22.0,35.0,6.0,Bonyhád
130,280,522,698,4.015384615384615,2.492857142857143,191,57.0,27.0,5.0,Dombóvár
80,198,317,457,3.9625,2.308080808080808,149,20.0,23.0,6.0,Tamási
18,61,73,138,4.055555555555555,2.262295081967213,43,3.0,13.0,2.0,Iregszemcse
15,45,57,101,3.8,2.2444444444444445,35,4.0,6.0,,Nagydorog
13,47,49,109,3.769230769230769,2.3191489361702127,30,4.0,12.0,1.0,Döbrököz
32,112,141,259,4.40625,2.3125,73,4.0,30.0,5.0,Nyúl
99,223,405,528,4.090909090909091,2.367713004484305,162,31.0,27.0,3.0,Hajdúdorog
9,34,31,80,3.4444444444444446,2.3529411764705883,25,5.0,3.0,1.0,Zalakomár
21,77,84,171,4.0,2.220779220779221,60,5.0,11.0,1.0,Sárszentmihály
61,154,239,360,3.918032786885246,2.3376623376623376,112,14.0,24.0,4.0,Aszód
98,193,390,457,3.979591836734694,2.3678756476683938,141,22.0,23.0,7.0,Tura
46,115,193,271,4.195652173913044,2.356521739130435,80,7.0,23.0,5.0,Jászdózsa
14,33,58,79,4.142857142857143,2.393939393939394,23,3.0,6.0,1.0,Táborfalva
193,425,806,1049,4.176165803108808,2.468235294117647,292,72.0,43.0,18.0,Monor
137,271,537,674,3.9197080291970803,2.4870848708487086,189,51.0,20.0,11.0,Tiszaföldvár
19,41,76,102,4.0,2.4878048780487805,31,10.0,,,Rákócziújfalu
70,151,279,357,3.9857142857142858,2.3642384105960264,105,18.0,24.0,4.0,Egyek
90,184,358,443,3.977777777777778,2.407608695652174,123,25.0,28.0,8.0,Hajdúhadház
23,54,88,128,3.8260869565217392,2.3703703703703702,36,6.0,8.0,4.0,Hernádnémeti
26,59,95,138,3.6538461538461537,2.3389830508474576,42,9.0,8.0,,Ostoros
