name,lat,lon,osm_id
Tab,46.7351014,18.0375186,15731237
Villány,45.8697644,18.4555208,17502356
Pécs,46.0765092,18.2280317,17550787
Komló,46.1911673,18.2613778,18331125
Harkány,45.8477907,18.2359978,20938029
Letenye,46.433204,16.7230843,21371958
Kozármisleny,46.0478232,18.2857045,21495636
Bóly,45.9692795,18.5161494,21495982
Szekszárd,46.3484884,18.701663,25553427
Sopron,47.6803063,16.5983457,25913119
Kópháza,47.6384056,16.6431637,25913376
Sárvár,47.2517426,16.9342165,25914519
Tapolca,46.8820972,17.4389619,25915038
Kaposvár,46.3564692,17.7886886,25926749
Siklós,45.8521446,18.2983821,26234773
Jászberény,47.5030505,19.9117887,26734414
Eger,47.8989887,20.3743665,26757722
Tokaj,48.1235534,21.4113895,26757723
Debrecen,47.531399,21.6259782,26757724
Sümeg,46.9784329,17.2811657,26843041
Mágocs,46.349833,18.2285903,29530538
Komárom,47.7417349,18.1218256,29637688
Szeged,46.2546312,20.1486016,30453579
Makó,46.2150438,20.4751022,30848692
Kiszombor,46.1889728,20.4270576,30848693
Deszk,46.2179342,20.2388863,30848694
Domaszék,46.2451425,20.0034538,30848797
Mórahalom,46.2163238,19.8894811,30848800
Székkutas,46.5069679,20.5384334,31094676
Orosháza,46.5582801,20.6720146,31094677
Kunágota,46.4233892,21.0489809,31531669
Barcs,45.9605126,17.4634121,32188020
Rajka,47.997068,17.1960871,32319920
Hegyeshalom,47.9144882,17.1558011,32320211
Kecskemét,46.9073883,19.6917206,32443002
Békéscsaba,46.6798003,21.0985425,32444521
Gyula,46.6438656,21.2747575,32444954
Szalkszentmárton,46.9755241,19.0132851,32446633
Tass,47.0200511,19.0321758,32446634
Pomáz,47.6468212,19.0236304,59976001
Miskolc,48.1030643,20.7900429,64622559
Nyíregyháza,47.9557802,21.7167982,64627511
Szentendre,47.6677606,19.0760467,73993229
Budakalász,47.6192785,19.0468565,73993237
Pilisszentkereszt,47.6931455,18.9024298,73993250
Öcsöd,46.9012341,20.3897025,75716563
Békésszentandrás,46.8717052,20.4851283,75716566
Szarvas,46.8621434,20.5521466,75716568
Kondoros,46.7599676,20.7950557,75716773
Székesfehérvár,47.1910169,18.410811,76464246
Solt,46.8022565,19.0046438,76675056
Dunapataj,46.6442755,18.9990105,76675061
Dunaszentgyörgy,46.530011,18.8118978,76675066
Bátaszék,46.1932111,18.7231457,76705495
Kiskunlacháza,47.1903391,19.00569,77907835
Dömsöd,47.094771,19.0070461,77909368
Füzesabony,47.7485389,20.4142673,84760091
Tiszafüred,47.6130877,20.7502258,84766688
Egyek,47.6314647,20.8881462,84769486
Kunszentmárton,46.8399054,20.2908813,84774706
Tiszaföldvár,46.9803541,20.2541166,84775644
Cegléd,47.1716447,19.7977516,84782806
Szajol,47.1757484,20.3006435,84783391
Törökszentmiklós,47.1793568,20.409153,84783758
Fegyvernek,47.2526516,20.5259428,84784047
Kenderes,47.2477469,20.6720305,84784799
Karcag,47.314646,20.9240941,84786251
Kunmadaras,47.4284725,20.7952971,84790638
Keszthely,46.7675081,17.2462801,88984459
Hévíz,46.7906038,17.1834489,88991312
Pilisvörösvár,47.6210817,18.9115754,123770266
Ráckeve,47.1609765,18.9436266,130074165
Telki,47.551193,18.8206574,134498430
Tököl,47.3226787,18.9632427,139327118
Csömör,47.5489158,19.2242144,140332206
Budaörs,47.4600185,18.9541818,141699600
Érsekvadkert,47.9960713,19.1989343,146851507
Nagyoroszi,48.0038821,19.0913026,146853273
Rétság,47.9303241,19.1375901,146855791
Budakeszi,47.5099444,18.929382,148195197
Diósd,47.406256,18.9448604,155311912
Érd,47.3772495,18.9213833,156531665
Pákozd,47.2170707,18.5437107,156578187
Velence,47.2353177,18.6605263,157001904
Kápolnásnyék,47.237503,18.6722759,157002622
Gárdony,47.2028062,18.6261978,157010589
Nagykovácsi,47.5762363,18.882064,157102172
Cece,46.77047,18.6291111,163743901
Simontornya,46.756962,18.5435129,163748213
Pincehely,46.6820239,18.4398335,163753037
Paks,46.6229468,18.8589364,164965193
Nagydorog,46.6230617,18.6578841,165700005
Bölcske,46.7402601,18.9695194,173138304
Tárnok,47.3668787,18.8660065,176436051
Vác,47.7782873,19.1278294,177532814
Páty,47.5154504,18.8271695,179713047
Biatorbágy,47.4739442,18.8232855,179713955
Sóskút,47.4047185,18.8305621,179715154
Fót,47.6125871,19.1980105,180730584
Dunakeszi,47.6316697,19.1294055,180731026
Zalaegerszeg,46.8415803,16.8456316,183813583
Százhalombatta,47.3171992,18.9120948,196174247
Ercsi,47.2519697,18.8983773,196187810
Martonvásár,47.3141209,18.7886273,196190783
Ráckeresztúr,47.2739444,18.8340424,196198928
Pocsaj,47.2821487,21.8048015,196337133
Hosszúpályi,47.39177,21.7335185,196341015
Kerepes,47.5616135,19.2869071,201505357
Dabas,47.1886122,19.3203063,204008081
Újhartyán,47.2200186,19.3841049,204009228
Fadd,46.4663938,18.8252567,206235431
Tolna,46.4226584,18.7887741,206235481
Piliscsaba,47.6329416,18.8261229,206282578
Dorog,47.7223782,18.731435,206283567
Tokodaltáró,47.7321967,18.6926702,206284195
Tokod,47.722785,18.6592985,206284360
Tát,47.7398038,18.6543708,206284670
Esztergom,47.7856939,18.7403377,206292236
Nyergesújfalu,47.7607076,18.5543675,206293013
Lábatlan,47.7450853,18.5015732,206293092
Tata,47.6516214,18.3282083,206293368
Ács,47.7104229,18.0156133,206306262
Szomód,47.6824922,18.3423516,206320101
Baj,47.6489476,18.3644373,206343354
Tarján,47.6088065,18.5063222,206343991
Perbál,47.5912451,18.759802,206344906
Zsámbék,47.5483115,18.7174344,206345175
Mány,47.529936,18.6563538,206345247
Bicske,47.4907066,18.6358046,206345670
Herceghalom,47.496236,18.7448861,206345858
Veresegyház,47.655235,19.2868815,206359948
Göd,47.6834336,19.1341568,206360857
Iklad,47.6593942,19.4433911,206361599
Szada,47.6363332,19.3116981,206361642
Domony,47.6535146,19.4384419,206361787
Aszód,47.6532732,19.4747432,206361816
Hatvan,47.6683971,19.6743874,206362107
Bonyhád,46.2984212,18.532191,213383214
Kosd,47.8068226,19.1758423,240516707
Szob,47.8182921,18.8711331,243682087
Nagymaros,47.7891142,18.9587262,243682091
Dunabogdány,47.7937922,19.0352037,243682273
Balassagyarmat,48.0768832,19.2926037,243687006
Szécsény,48.0802507,19.5206814,243688206
Salgótarján,48.0960676,19.8005642,243688523
Gyöngyös,47.7799838,19.9291176,243689884
Domoszló,47.8262949,20.1163279,243705818
Verpelét,47.8490107,20.2279112,243705866
Abasár,47.7955667,20.0062509,243706623
Nyékládháza,47.9939469,20.8416225,244172660
Mályi,48.01451,20.8276126,244172696
Zamárdi,46.880099,17.9459459,244526125
Balatonföldvár,46.8491197,17.8792403,244526361
Balatonlelle,46.7867617,17.6965209,244526749
Balatonboglár,46.7785372,17.6553331,244526775
Fonyód,46.7467521,17.54946,244527319
Balatonfenyves,46.7176727,17.4945314,244527458
Kéthely,46.6469444,17.3933315,244528032
Marcali,46.5833484,17.4123002,244528591
Nagyatád,46.229143,17.3570964,244529701
Gyenesdiás,46.7725171,17.2860041,244530932
Vonyarcvashegy,46.7641925,17.3095703,244530987
Badacsonytomaj,46.8057988,17.514693,244531289
Balatonalmádi,47.030277,18.0155756,244531781
Balatonkenese,47.0349778,18.1079681,244531904
Sajószentpéter,48.2183544,20.7087764,245767926
Kazincbarcika,48.2544414,20.6223251,245769604
Heves,47.5957526,20.2897722,247464102
Andornaktálya,47.8436439,20.4125987,247464446
Edelény,48.2936623,20.7334367,248466484
Törökbálint,47.4349579,18.9130312,252013624
Kartal,47.66792,19.5311002,254968160
Lábod,46.2077491,17.4540815,255166027
Kadarkút,46.2285551,17.6178719,255647868
Jászdózsa,47.566305,20.0157116,255684942
Üröm,47.5987004,19.0134262,257085343
Isaszeg,47.5303335,19.4017001,257448661
Valkó,47.5641727,19.5100231,257448831
Lengyeltóti,46.6671072,17.6411039,259645377
Pilisszántó,47.6692875,18.886298,260411877
Tarcal,48.1298284,21.3455658,262096746
Hernádnémeti,48.0711901,20.9770518,262099508
Sajószöged,47.9447446,20.9923296,262101889
Tiszalúc,48.0345861,21.0630541,262103735
Taktaharkány,48.088049,21.1324053,262103998
Szabadegyháza,47.0767634,18.6924831,262942176
Gyöngyöshalász,47.7417728,19.9217283,265600153
Gönc,48.4724881,21.2726277,266938720
Seregélyes,47.111617,18.578555,267511495
Sárosd,47.0416106,18.6498216,267513607
Perkáta,47.0479725,18.7901236,267513795
Kulcs,47.0529379,18.9163165,267513797
Rácalmás,47.0259018,18.9393279,267513814
Adony,47.1208993,18.8631074,267513823
Pusztaszabolcs,47.1385777,18.7576092,267513895
Iváncsa,47.1473327,18.8311498,267513914
Baracska,47.2857906,18.7575803,267513929
Szentmártonkáta,47.4440884,19.6916458,267608553
Kunhegyes,47.3699089,20.6318292,267849740
Lovasberény,47.3099528,18.5526726,268154191
Csákvár,47.3918045,18.464064,268154261
Pázmánd,47.2836305,18.6566197,268154285
Vál,47.3665339,18.677646,268154412
Etyek,47.4448813,18.7504665,268154478
Mór,47.3720267,18.2090388,268154501
Zámoly,47.3183087,18.4139732,268154519
Polgárdi,47.0563978,18.3067942,268154562
Pápa,47.3261087,17.4705293,268183245
Körmend,47.0087059,16.6048737,268197049
Ják,47.141049,16.5807225,268197118
Hajdúszoboszló,47.4431291,21.3902995,268204356
Kaba,47.3576246,21.2742641,268204409
Püspökladány,47.3196043,21.1122524,268204467
Szabadbattyán,47.1177414,18.3677694,268208871
Kisvárda,48.2257593,22.0784247,268212667
Ózd,48.2191757,20.2810727,268215944
Tét,47.5159522,17.5166682,269357447
Berzence,46.2059813,17.148481,271318039
Csurgó,46.2642514,17.0950874,271319040
Dunavecse,46.9163658,18.9716536,274355674
Döbrököz,46.424126,18.239254,274665995
Dombóvár,46.3778989,18.1332865,274666503
Nagybajom,46.3936575,17.511875,274670378
Böhönye,46.4077758,17.3907201,274672119
Zalakomár,46.5463542,17.1756684,274682932
Szigetcsép,47.2671482,18.9672674,274956384
Szigetújfalu,47.2332083,18.9235417,274956387
Kunszentmiklós,47.0257098,19.1234855,274956814
Apostag,46.8832449,18.9673417,274957264
Dunaföldvár,46.810432,18.9222921,274958127
Nagyvenyim,46.9561887,18.8592732,274958442
Halásztelek,47.363105,18.9811444,274960000
Szigethalom,47.3245067,19.0001884,274960662
Dunavarsány,47.2789632,19.0661045,274960664
Délegyháza,47.247818,19.066912,274960665
Szigetszentmiklós,47.3487056,19.0452409,274961265
Dunaharaszti,47.3541549,19.0912203,274961269
Taksony,47.3299781,19.0623899,274961396
Gyál,47.3845453,19.2173066,274961837
Iregszemcse,46.6930094,18.183599,275822023
Tamási,46.6293978,18.2850331,275831245
Zomba,46.4108094,18.5659247,275887337
Aba,47.0292178,18.5216608,276162534
Sárbogárd,46.8874371,18.6196247,276163832
Sárkeresztúr,47.0061553,18.5481491,276164091
Káloz,46.9552227,18.4823562,276166633
Szany,47.4617917,17.3048321,277119673
Csorna,47.6134153,17.2497955,277119750
Kóny,47.6316029,17.3601631,277119863
Abda,47.6976818,17.5409829,277514262
Öttevény,47.7250055,17.4885276,277514453
Halászi,47.8909561,17.3293251,277515349
Mosonmagyaróvár,47.8731793,17.2722342,277515388
Koroncó,47.5973773,17.5298156,277526319
Rábapatona,47.6318338,17.4809501,277526339
Jánossomorja,47.7859228,17.1364228,277526831
Pannonhalma,47.5502015,17.7541679,277546267
Nyúl,47.5899177,17.6889689,277546278
Bábolna,47.6422592,17.9786783,277546342
Tengelic,46.5319473,18.7108467,277585762
Szedres,46.4744051,18.6848887,277890235
Sásd,46.2559563,18.1065598,279166299
Mosonszentmiklós,47.7286866,17.4271186,279251722
Kimle,47.8268335,17.3709629,279252204
Lébény,47.7354942,17.3906258,279252537
Kapuvár,47.5936871,17.0274744,280680112
Szászvár,46.2744086,18.3783088,281000809
Töltéstava,47.6269367,17.7342499,282407479
Pér,47.6123429,17.7979394,282407516
Mocsa,47.6692513,18.181483,282420440
Tatabánya,47.583845,18.3979855,282420922
Beled,47.4661125,17.0898826,282438606
Répcelak,47.4195089,17.0154287,282440643
Ágfalva,47.6905324,16.5137872,282446159
Ajka,47.1056579,17.5587276,285886520
Devecser,47.104052,17.4364185,285886599
Cserszegtomaj,46.8061946,17.2264662,285887003
Várpalota,47.2006176,18.1399782,285902043
Öskü,47.1601175,18.0730921,285902291
Zirc,47.2613795,17.8718188,285941012
Berhida,47.1109931,18.1339369,285941295
Herend,47.1328461,17.7523356,285941739
Lenti,46.6240149,16.5425891,285944075
Nagykanizsa,46.4548261,16.9923923,286101602
Zalaszentgrót,46.9438023,17.0790205,286102448
Bük,47.3833959,16.753305,286103515
Celldömölk,47.2579643,17.1521883,286103761
Vasvár,47.0490649,16.7998821,286105334
Szentgotthárd,46.9528507,16.2748541,286106057
Bátonyterenye,47.9955532,19.8272105,286129272
Pásztó,47.9210634,19.6997727,286129575
Kisbér,47.4992603,18.0300173,286130314
Oroszlány,47.487135,18.3152076,286130475
Bodajk,47.3227042,18.233096,286150672
Lepsény,46.9946682,18.2443639,286153334
Enying,46.9269341,18.2449727,286153825
Záhony,48.4029055,22.1787677,286155540
Baktalórántháza,47.9994207,22.0793592,286156605
Kemecse,48.0678349,21.7986929,286158556
Demecser,48.1136996,21.9252073,286158978
Tiszakarád,48.2028406,21.7200178,286165925
Nagyhalász,48.1322422,21.7593891,286166152
Ibrány,48.122594,21.7102156,286166176
Dombrád,48.2256872,21.9244483,286167916
Rakamaz,48.12218,21.4775144,286168628
Tiszalök,48.0171761,21.3749662,286169157
Tiszavasvári,47.956619,21.3680532,286169938
Nagykálló,47.874296,21.8434965,286171150
Hajdúhadház,47.6822047,21.6692161,286174034
Újfehértó,47.8008977,21.6829931,286174484
Nyírmihálydi,47.7325301,21.9660572,286175660
Nyírlugos,47.6920499,22.0417654,286175858
Nyírbogát,47.8014742,22.0620214,286176457
Nyírbátor,47.839511,22.1322309,286176618
Nyírgyulaj,47.882828,22.0896587,286177024
Máriapócs,47.8785097,22.0231993,286177168
Mátészalka,47.9539113,22.3208477,286178040
Csenger,47.8363678,22.6794652,286178341
Nagyecsed,47.862171,22.3843037,286178832
Szakoly,47.7616355,21.901328,286180101
Balkány,47.770088,21.8601316,286180264
Fehérgyarmat,47.9850963,22.5167524,286181035
Mándok,48.3217182,22.1893584,286183304
Nyírtelek,48.0102668,21.6314008,286185174
Vásárosnamény,48.1267635,22.312647,286187060
Ócsa,47.3011895,19.2313617,286199233
Vecsés,47.4068966,19.2643066,286200051
Monor,47.3527433,19.4468404,286200470
Pilis,47.2860696,19.5467411,286201239
Albertirsa,47.2457295,19.6127835,286201536
Maglód,47.4449622,19.3593136,286202716
Pécel,47.4911201,19.3446801,286203307
Kistarcsa,47.5447322,19.2636378,286933452
Nagykáta,47.4138187,19.7503736,286935167
Tura,47.60935,19.5949442,286936520
Örkény,47.1297585,19.4309024,286937639
Hernád,47.1650755,19.4070801,286937857
Jászjákóhalma,47.5219388,19.9891136,286959581
Jászapáti,47.5137235,20.1404245,286959644
Adács,47.691546,19.9751962,286959879
Jászárokszállás,47.6445417,19.9786517,286959944
Jászfényszaru,47.5692314,19.7168149,286960157
Abádszalók,47.4760139,20.5997748,286960422
Túrkeve,47.1008853,20.7475819,286961016
Újszász,47.2844426,20.0702678,286961168
Kerecsend,47.7940489,20.3461026,286962204
Ostoros,47.8669963,20.4288434,286962522
Bélapátfalva,48.0517179,20.3448732,286962843
Kisköre,47.4994568,20.4925043,286963674
Pétervására,48.0192068,20.0983738,286966161
Polgár,47.8707939,21.1141032,286967912
Hajdúböszörmény,47.6716617,21.5078944,286968025
Hajdúsámson,47.5989514,21.7537139,286968184
Vámospércs,47.5267293,21.8987164,286968655
Nyíradony,47.6913589,21.9053502,286969057
Hajdúnánás,47.8452241,21.4279002,286969354
Hajdúdorog,47.8157169,21.5006846,286969379
Tiszacsege,47.6975481,20.9935969,286969567
Derecske,47.3539466,21.5709171,286969819
Berettyóújfalu,47.2247273,21.5355206,286969829
Komádi,47.0015182,21.4882954,286970084
Nádudvar,47.4285575,21.1593087,286970865
Monostorpályi,47.3974068,21.7734281,286971072
Létavértes,47.3853112,21.8764089,286971124
Balmazújváros,47.6116279,21.3437378,286971559
Csongrád,46.7097618,20.1537305,286972968
Sándorfalva,46.3657365,20.1042174,286973106
Mindszent,46.524022,20.186003,286973296
Kistelek,46.4704606,19.9812009,286973656
Ópusztaszer,46.4971782,20.0641986,286973717
Szentes,46.6524049,20.2566408,286974186
Tiszaújváros,47.9280341,21.0467056,286975602
Szerencs,48.1633851,21.2010881,286978816
Alsózsolca,48.0703015,20.8819968,286979602
Szikszó,48.2015243,20.9275021,286982043
Encs,48.3305743,21.1222112,286982064
Sárospatak,48.3216823,21.5655524,286983971
Sátoraljaújhely,48.3960978,21.6561497,286984247
Putnok,48.2942607,20.4342869,286985492
Borsodnádasd,48.1230335,20.246177,286986224
Abaújszántó,48.278706,21.1855002,286988415
Cigánd,48.2572311,21.8904926,286988665
Rudabánya,48.373781,20.6224508,286989417
Csorvás,46.6304122,20.8336244,286990297
Tótkomlós,46.4115096,20.7366044,286991019
Sarkad,46.7422871,21.3836478,286992562
Körösladány,46.9618183,21.0774039,286992616
Battonya,46.2858683,21.0218929,286994582
Békés,46.7717431,21.1325877,286994834
Dévaványa,47.0313464,20.9620971,286995352
Elek,46.5294265,21.2526107,286995507
Kétegyháza,46.5455442,21.1856277,286995620
Füzesgyarmat,47.1076826,21.2118478,286995833
Sellye,45.8735444,17.8514053,286997942
Pécsvárad,46.1608411,18.4206938,286998160
Kerekegyháza,46.9358768,19.4825067,286999754
Szabadszállás,46.8752316,19.2225016,287000079
Izsák,46.800917,19.3595369,287000140
Akasztó,46.6909821,19.2063536,287000830
Soltvadkert,46.5820205,19.3942728,287001106
Császártöltés,46.4229794,19.1784944,287001490
Hajós,46.3982959,19.1172178,287001534
Baja,46.1785471,18.9517255,287001980
Bácsalmás,46.1274127,19.3319128,287003234
Jánoshalma,46.2972264,19.3235909,287003778
Kiskunhalas,46.4304454,19.4812571,287004164
Kiskunmajsa,46.4906228,19.7393121,287005373
Kiskunfélegyháza,46.7114381,19.8501648,287005902
Lajosmizse,47.0264714,19.5582644,287007417
Lakitelek,46.8736335,20.0003712,287008275
Tiszakécske,46.9315289,20.1045358,287008438
Tompa,46.2049292,19.5374011,287009799
Cibakháza,46.9590236,20.2062362,288204962
Sükösd,46.2864294,18.9958175,288380549
Fülöpszállás,46.8200875,19.2395832,289402301
Decs,46.2843291,18.7600689,289696576
Mélykút,46.2151957,19.3792097,290611295
Kisszállás,46.2806553,19.4912631,290611413
Röszke,46.1872427,20.0354983,291986261
Kelebia,46.1971101,19.6071741,292825415
Balatonfüred,46.9567254,17.888892,296137465
Csabrendek,47.0131804,17.2895632,298021960
Szigetszentmárton,47.2286092,18.9576052,303079703
Tóalmás,47.5095624,19.6637179,305051680
Dánszentmiklós,47.2077306,19.5561129,311447932
Tápióbicske,47.3622153,19.6867465,311452334
Farmos,47.3616376,19.8489595,311454673
Nagymányok,46.2824922,18.459239,312774526
Bogyiszló,46.3832444,18.8166969,315203541
Nagytarcsa,47.5267788,19.2835163,317186008
Pusztavám,47.4293464,18.227975,321832180
Bag,47.6337331,19.4792099,323154585
Romhány,47.9215061,19.2590383,323159495
Szárliget,47.5184474,18.4935586,324335445
Kalocsa,46.5230265,18.9825043,330880946
Bátya,46.4874153,18.954523,330880951
Siófok,46.9071694,18.0541598,331844188
Veszprém,47.0933824,17.9080406,334943106
Nagymágocs,46.5834517,20.4811682,345009557
Hosszúhetény,46.1613038,18.3527689,351450348
Ádánd,46.8570109,18.1541377,353762330
Balatonszabadi,46.8913312,18.133571,353762332
Segesd,46.3531705,17.3472113,353762412
Beremend,45.7847076,18.4345572,353819758
Lánycsók,46.0048239,18.6236136,353819813
Hidas,46.2595334,18.4977476,353819832
Konyár,47.3209702,21.6738284,354022356
Nagyrábé,47.2045882,21.3192277,354022366
Biharnagybajom,47.2123973,21.2285194,354022373
Sárrétudvari,47.2392356,21.1895381,354022376
Báránd,47.292012,21.2259672,354022380
Földes,47.2881601,21.3642071,354022386
Nagyhegyes,47.5385142,21.3465888,354022391
Ebes,47.4712353,21.4914725,354022393
Hajdúszovát,47.3904072,21.4750896,354022397
Hajdúbagos,47.3897647,21.6659245,354022399
Sáránd,47.4124718,21.6248243,354022400
Mikepércs,47.4409524,21.6314977,354022404
Görbeháza,47.8188298,21.2379579,354022410
Bagamér,47.4454935,21.9919136,354022421
Nyírábrány,47.5494817,22.0207822,354022425
Nyírmártonfalva,47.5848877,21.8983853,354022428
Nyíracsád,47.6021228,21.9722891,354022430
Bocskaikert,47.645522,21.660948,354022433
Harta,46.6947199,19.0277119,354621823
Érsekcsanád,46.2519797,18.9822596,354621830
Dusnok,46.3900215,18.958962,354621832
Vaskút,46.111566,18.9854333,354621835
Nagybaracska,46.0429521,18.9054826,354621837
Gara,46.034232,19.0386915,354621839
Dávod,45.9971295,18.920524,354621840
Hercegszántó,45.950602,18.93584,354621842
Madaras,46.0571305,19.2598668,354621844
Katymár,46.0345287,19.2098709,354621845
Bácsbokod,46.1240247,19.1558176,354621848
Jászszentlászló,46.5679444,19.7603182,354621863
Szank,46.5544858,19.6689973,354621865
Bugac,46.6888994,19.6821439,354621868
Jakabszállás,46.7614921,19.6007791,354621873
Helvécia,46.8373932,19.6212831,354621876
Ballószög,46.8605519,19.5695767,354621877
Orgovány,46.7514033,19.476022,354621881
Tiszaalpár,46.8219617,19.9893055,354621882
Fábiánsebestyén,46.6783165,20.4480245,354693524
Szegvár,46.5851274,20.221903,354693527
Csanytelek,46.6011189,20.1135377,354693529
Baks,46.5495087,20.1071453,354693533
Balástya,46.42333,20.0092202,354693536
Forráskút,46.3660316,19.9093047,354693539
Üllés,46.3371407,19.8486229,354693542
Bordány,46.3216264,19.9217845,354693546
Szatymaz,46.3416797,20.0415788,354693548
Zsombó,46.328061,19.9725672,354693551
Zákányszék,46.274063,19.8885058,354693554
Maroslele,46.270668,20.3418649,354693557
Apátfalva,46.1768429,20.5746455,354693565
Földeák,46.3193341,20.4932376,354693567
Csanádpalota,46.2440484,20.723398,354693572
Ásotthalom,46.2001125,19.7840754,354693578
Ruzsa,46.287866,19.746398,354693589
Dombegyház,46.3405657,21.1320152,354700437
Kevermes,46.417206,21.1843082,354700446
Magyarbánhegyes,46.4552631,20.9642866,354700453
Kaszaper,46.4578045,20.8232128,354700458
Medgyesegyháza,46.4981379,21.0280887,354700463
Csanádapáca,46.5402011,20.8846149,354700470
Újkígyós,46.5952164,21.0249183,354700473
Szabadkígyós,46.6012074,21.0760273,354700475
Gádoros,46.6706884,20.599598,354700489
Köröstarcsa,46.8768155,21.0233046,354700493
Okány,46.8975103,21.3494563,354700497
Doboz,46.7344029,21.2413729,354700502
Méhkerék,46.7748493,21.4491781,354700507
Bucsa,47.2042482,20.9967301,354700525
Szentistván,47.7737206,20.6600027,354944585
Tiszakeszi,47.7882813,20.99462,354944591
Ónod,48.0011319,20.9144159,354944635
Sajólád,48.0408082,20.9029248,354944637
Kistokaj,48.0399821,20.8403681,354944639
Harsány,47.9684365,20.7404871,354944641
Bogács,47.9041176,20.5314509,354944654
Prügy,48.0833036,21.243681,354944656
Taktaszada,48.1108216,21.1760084,354944662
Bekecs,48.1515919,21.1711437,354944663
Mád,48.1918518,21.2742214,354944668
Tállya,48.2353737,21.229904,354944670
Megyaszó,48.1873814,21.0541885,354944680
Gesztely,48.1027448,20.9648967,354944684
Onga,48.1207157,20.9129384,354944685
Arnót,48.1308057,20.8610857,354944686
Arló,48.176668,20.2541957,354944808
Sajókaza,48.2853478,20.5842079,354944865
Sajóbábony,48.1750425,20.738743,354944867
Sajóvámos,48.1800367,20.8338894,354944871
Boldva,48.217181,20.7884169,354944874
Forró,48.3224482,21.08665,354944894
Múcsony,48.2697977,20.680282,354944967
Szigetvár,46.0474395,17.7993511,355204110
Solymár,47.5913333,18.9284943,368447565
Kesztölc,47.7131362,18.7970928,369808802
Csolnok,47.6946334,18.7175944,370161676
Hajmáskér,47.1444695,18.0142678,371171550
Bakonycsernye,47.3194796,18.085004,371177535
Csobánka,47.6436909,18.9672147,372865480
Táborfalva,47.104349,19.4828926,410917170
Lajoskomárom,46.8417783,18.337205,411325298
Kisláng,46.9602484,18.3851659,411331619
Bugyi,47.2227504,19.1509326,411738806
Tarpa,48.1031244,22.5290514,414701709
Aranyosapáti,48.2122856,22.2567426,414719335
Tuzsér,48.3434133,22.118663,414720907
Tápiógyörgye,47.3341052,19.9519935,414953971
Tápiószele,47.3320634,19.875582,414953978
Újszilvás,47.2697146,19.9142046,414969642
Jánoshida,47.3839188,20.0565734,414976740
Ópályi,47.995763,22.3223431,415280175
Nagydobos,48.0535511,22.3034478,415280201
Kocsord,47.9390852,22.3869911,415283425
Tyukod,47.851694,22.5532149,415288301
Porcsalma,47.8824619,22.5682954,415288472
Mérk,47.781955,22.3783349,415290406
Nyírcsaholy,47.9025711,22.3351647,415291275
Mohács,45.9933836,18.6821079,416984891
Alsónémedi,47.3146713,19.165704,472221394
Mogyoród,47.5986636,19.2384215,472368968
Szigetmonostor,47.6896702,19.1009549,473905478
Tahitótfalu,47.75434,19.0844571,473905712
Leányfalu,47.718888,19.0888422,473905725
Poroszló,47.6435536,20.6560717,476801252
Nyírmada,48.067926,22.1877049,480039413
Rózsaszentmárton,47.7828558,19.7419306,492040634
Gyöngyöstarján,47.8117356,19.8668338,492040643
Nagyréde,47.7654882,19.8503473,492040662
Ecséd,47.7323069,19.7728816,492040665
Gyöngyöspata,47.8146817,19.7903391,492040672
Jobbágyi,47.8303521,19.6767845,492040675
Apc,47.7963496,19.6916338,492040676
Sülysáp,47.4542606,19.5214828,492138672
Buj,48.0990777,21.646486,493237206
Jánosháza,47.1198765,17.1642699,494394144
Piliscsév,47.673439,18.8184572,520334428
Bokod,47.4934128,18.2420786,535106844
Szeghalom,47.0213485,21.1693932,540580133
Pellérd,46.0348577,18.153296,540584934
Alap,46.8044751,18.6854298,540589478
Baracs,46.913304,18.8657761,540594443
Dég,46.8727995,18.4477565,540605562
Úrhida,47.1326733,18.3345777,540605570
Inárcs,47.260939,19.3291422,619723828
Kakucs,47.2416179,19.3667431,619723830
Csepreg,47.401594,16.7078418,668781111
Tiszanána,47.5564803,20.5292959,674093045
Táplánszentkereszt,47.198556,16.696725,700705948
Vép,47.2308177,16.723032,700705985
Törtel,47.1208483,19.9350507,703128458
Nemesvámos,47.0548638,17.8718258,706545899
Szentkirályszabadja,47.0565157,17.9705319,706545903
Rákócziújfalu,47.0600423,20.2624113,715765455
Úrkút,47.0824725,17.6436593,716417452
Litér,47.099915,18.0076,716417456
Szentgál,47.1125816,17.7351064,716417613
Nyáregyháza,47.2627494,19.5026386,718510631
Tápiószentmárton,47.340459,19.744694,718510643
Tószeg,47.1005785,20.1474605,719372827
Rákóczifalva,47.0898193,20.2343365,719372835
Kengyel,47.0946274,20.3423729,719372841
Zagyvarékas,47.2677137,20.12777,719372926
Tiszapüspöki,47.2145342,20.3172973,719372953
Besenyszög,47.2960008,20.257149,719373010
Pilisszentiván,47.6095461,18.8969359,722724650
Nagyigmánd,47.6350173,18.076194,724840691
Kocs,47.6054999,18.2132002,724840694
Környe,47.5475792,18.3318516,724840696
Ecser,47.4445025,19.3184563,724863128
Mende,47.4288652,19.4515363,724901561
Gomba,47.3703744,19.5311516,724901563
Úri,47.415309,19.5244931,724901566
Tápióság,47.3992437,19.6303259,724901568
Kóka,47.4891593,19.5806089,724901571
Dány,47.5222089,19.5508325,724901574
Zsámbok,47.5431221,19.6066136,724901576
Vácszentlászló,47.5735196,19.5366483,724901579
Hévízgyörk,47.6303011,19.5190457,724901582
Galgahévíz,47.6222577,19.5558378,724901585
Boldog,47.6012001,19.6954291,724901619
Jászalsószentgyörgy,47.3718457,20.0911454,724932031
Jászladány,47.3649496,20.1653647,724932225
Alattyán,47.4256813,20.0475867,724932226
Jászkisér,47.4594357,20.2157783,724932230
Jászszentandrás,47.5839914,20.1735159,724932398
Tiszabura,47.4466393,20.4577789,724932459
Tiszaszentimre,47.4913975,20.7233655,724940918
Naszály,47.6979874,18.263462,732090341
Heréd,47.7044017,19.6335945,736878215
Csány,47.6473605,19.830145,736878270
Hort,47.689575,19.7826055,736878289
Buják,47.8848223,19.5450988,736878469
Gyöngyössolymos,47.8169351,19.9332261,736878667
Karácsond,47.7280872,20.0273463,737246256
Kompolt,47.7423905,20.2533705,737246387
Kál,47.7338768,20.2592411,737246388
Parád,47.9234507,20.0304804,737246391
Bököny,47.7322591,21.7524577,737313183
Nyírbéltek,47.699839,22.1297911,737351422
Encsencs,47.744449,22.1120683,737351486
Kállósemjén,47.8603398,21.9248578,737351640
Recsk,47.9356893,20.1103528,738424065
Mátraderecske,47.94966,20.0827995,738424093
Tiszadob,48.0094768,21.1668435,739374460
Tiszadada,48.030817,21.2366013,739374597
Tiszaeszlár,48.0355119,21.4577541,739395718
Napkor,47.9422745,21.8684282,739395937
Nyírpazony,47.9808396,21.7990918,739395968
Nyírbogdány,48.0578767,21.8749001,739396067
Kék,48.1149173,21.8778149,739396091
Apagy,47.9593892,21.9348469,739414334
Ófehértó,47.9355537,22.0342724,739414355
Levelek,47.9654436,21.9868073,739414372
Gégény,48.1445497,21.9489647,739414577
Nyírtass,48.1157169,22.0230588,739414749
Nyírkarász,48.0969023,22.1001962,739414776
Gyulaháza,48.1379398,22.1117329,739414777
Kántorjánosi,47.9357004,22.1489533,739414826
Hodász,47.9168268,22.2046402,739414847
Nyírmeggyes,47.9128292,22.2647284,739414858
Vaja,47.9990668,22.1715133,739414870
Pátroha,48.1722466,21.9899321,739414929
Ajak,48.1778501,22.0522301,739414946
Döge,48.2587979,22.068454,740625615
Fényeslitke,48.2709162,22.0990803,740625667
Tornyospálca,48.2670948,22.1789783,740625759
Kótaj,48.0478876,21.709878,748803161
Ceglédbercel,47.2150336,19.678569,760267291
Sárszentmihály,47.1543829,18.3263027,772599772
Városföld,46.816342,19.760173,815493432
Abony,47.1887402,20.0047823,1037122686
Békéssámson,46.4159576,20.622012,1234756918
Becsehely,46.4476173,16.7916533,1279115769
Kunfehértó,46.362396,19.4132799,1320887321
Gencsapáti,47.2845482,16.5959794,1343921420
Kisújszállás,47.2162053,20.7546669,1376344644
Péteri,47.3880659,19.4107817,1535667627
Dunaújváros,46.9649048,18.9405047,1673787395
Sárisáp,47.6743594,18.6813525,1700188914
Szombathely,47.2291184,16.6187625,1704499260
Szolnok,47.1753833,20.1946279,1801839190
Nagyszénás,46.6715027,20.6727493,2391205753
Tunyogmatolcs,47.9706517,22.4582423,2567700368
Maklár,47.8043193,20.413119,2777487372
Balatonszárszó,46.8262918,17.8341937,2935647869
Biharkeresztes,47.1249388,21.717944,3066539639
Téglás,47.7156887,21.6746328,3136096712
Kecel,46.5237655,19.2533387,3252267072
